fasta,name,organism,source,accession,genome_assembly
/project/shefflab/brickyard/datasets_downloaded/refgenomes_fasta/fasta/vgp/fasta/GCA_963993115.1.fa.gz,fAbrBra2.1,Abramis brama,VGP,GCA_963993115.1,fAbrBra2.1
/project/shefflab/brickyard/datasets_downloaded/refgenomes_fasta/fasta/vgp/fasta/GCF_904848185.1.fa.gz,fAcaLat1.1,Acanthopagrus latus,VGP,GCF_904848185.1,fAcaLat1.1
/project/shefflab/brickyard/datasets_downloaded/refgenomes_fasta/fasta/vgp/fasta/GCA_041753875.1.fa.gz,ASM4175387v1,Acanthopagrus schlegelii,VGP,GCA_041753875.1,ASM4175387v1
/project/shefflab/brickyard/datasets_downloaded/refgenomes_fasta/fasta/vgp/fasta/GCF_902713425.1.fa.gz,fAciRut3.2 maternal haplotype,Acipenser ruthenus,VGP,GCF_902713425.1,fAciRut3.2 maternal haplotype
/project/shefflab/brickyard/datasets_downloaded/refgenomes_fasta/fasta/vgp/fasta/GCF_903995435.1.fa.gz,mAcoRus1.1,Acomys russatus,VGP,GCF_903995435.1,mAcoRus1.1
/project/shefflab/brickyard/datasets_downloaded/refgenomes_fasta/fasta/vgp/fasta/GCA_027559615.1.fa.gz,bAcrTri1.pri,Acridotheres tristis,VGP,GCA_027559615.1,bAcrTri1.pri
/project/shefflab/brickyard/datasets_downloaded/refgenomes_fasta/fasta/vgp/fasta/GCA_039906565.1.fa.gz,bAegAlb1.hap1,Aegotheles albertisi,VGP,GCA_039906565.1,bAegAlb1.hap1
/project/shefflab/brickyard/datasets_downloaded/refgenomes_fasta/fasta/vgp/fasta/GCF_020745825.1.fa.gz,Agelaius phoeniceus 1.1,Agelaius phoeniceus,VGP,GCF_020745825.1,Agelaius phoeniceus 1.1
/project/shefflab/brickyard/datasets_downloaded/refgenomes_fasta/fasta/vgp/fasta/GCA_008658365.1.fa.gz,bAlcTor1 primary,Alca torda,VGP,GCA_008658365.1,bAlcTor1 primary
/project/shefflab/brickyard/datasets_downloaded/refgenomes_fasta/fasta/vgp/fasta/GCF_030867095.1.fa.gz,rAllMis1,Alligator mississippiensis,VGP,GCF_030867095.1,rAllMis1
/project/shefflab/brickyard/datasets_downloaded/refgenomes_fasta/fasta/vgp/fasta/GCF_018492685.1.fa.gz,fAloSap1.pri,Alosa sapidissima,VGP,GCF_018492685.1,fAloSap1.pri
/project/shefflab/brickyard/datasets_downloaded/refgenomes_fasta/fasta/vgp/fasta/GCA_039720435.1.fa.gz,bAmaOch1.hap1,Amazona ochrocephala,VGP,GCA_039720435.1,bAmaOch1.hap1
/project/shefflab/brickyard/datasets_downloaded/refgenomes_fasta/fasta/vgp/fasta/GCA_046255685.1.fa.gz,fAmbSpe1.hap1,Amblyopsis spelaea,VGP,GCA_046255685.1,fAmbSpe1.hap1
/project/shefflab/brickyard/datasets_downloaded/refgenomes_fasta/fasta/vgp/fasta/GCF_010909765.2.fa.gz,sAmbRad1.1.pri,Amblyraja radiata,VGP,GCF_010909765.2,sAmbRad1.1.pri
/project/shefflab/brickyard/datasets_downloaded/refgenomes_fasta/fasta/vgp/fasta/GCF_040938575.1.fa.gz,UKY_AmexF1_1,Ambystoma mexicanum,VGP,GCF_040938575.1,UKY_AmexF1_1
/project/shefflab/brickyard/datasets_downloaded/refgenomes_fasta/fasta/vgp/fasta/GCF_036373705.1.fa.gz,fAmiCal2.hap1,Amia ocellicauda,VGP,GCF_036373705.1,fAmiCal2.hap1
/project/shefflab/brickyard/datasets_downloaded/refgenomes_fasta/fasta/vgp/fasta/GCF_027887145.1.fa.gz,bAmmCau1.pri,Ammospiza caudacuta,VGP,GCF_027887145.1,bAmmCau1.pri
/project/shefflab/brickyard/datasets_downloaded/refgenomes_fasta/fasta/vgp/fasta/GCA_036010785.1.fa.gz,bAmmMar1.pri,Ammospiza maritima maritima,VGP,GCA_036010785.1,bAmmMar1.pri
/project/shefflab/brickyard/datasets_downloaded/refgenomes_fasta/fasta/vgp/fasta/GCF_027579445.1.fa.gz,bAmmNel1.pri,Ammospiza nelsoni,VGP,GCF_027579445.1,bAmmNel1.pri
/project/shefflab/brickyard/datasets_downloaded/refgenomes_fasta/fasta/vgp/fasta/GCA_900324465.3.fa.gz,fAnaTes1.3,Anabas testudineus,VGP,GCA_900324465.3,fAnaTes1.3
/project/shefflab/brickyard/datasets_downloaded/refgenomes_fasta/fasta/vgp/fasta/GCA_014839685.1.fa.gz,fAnaAna1.pri,Anableps anableps,VGP,GCA_014839685.1,fAnaAna1.pri
/project/shefflab/brickyard/datasets_downloaded/refgenomes_fasta/fasta/vgp/fasta/GCF_963932015.1.fa.gz,bAnaAcu1.1,Anas acuta,VGP,GCF_963932015.1,bAnaAcu1.1
/project/shefflab/brickyard/datasets_downloaded/refgenomes_fasta/fasta/vgp/fasta/GCA_964188345.1.fa.gz,bAnaPla2.hap1.1,Anas platyrhynchos,VGP,GCA_964188345.1,bAnaPla2.hap1.1
/project/shefflab/brickyard/datasets_downloaded/refgenomes_fasta/fasta/vgp/fasta/GCF_015476345.1.fa.gz,ZJU1.0,Anas platyrhynchos,VGP,GCF_015476345.1,ZJU1.0
/project/shefflab/brickyard/datasets_downloaded/refgenomes_fasta/fasta/vgp/fasta/GCF_013347855.1.fa.gz,fAngAng1.pri,Anguilla anguilla,VGP,GCF_013347855.1,fAngAng1.pri
/project/shefflab/brickyard/datasets_downloaded/refgenomes_fasta/fasta/vgp/fasta/GCA_029215775.1.fa.gz,rAnnSte1.0.hap1,Anniella stebbinsi,VGP,GCA_029215775.1,rAnnSte1.0.hap1
/project/shefflab/brickyard/datasets_downloaded/refgenomes_fasta/fasta/vgp/fasta/GCF_037176765.1.fa.gz,rAnoSag1.mat,Anolis sagrei,VGP,GCF_037176765.1,rAnoSag1.mat
/project/shefflab/brickyard/datasets_downloaded/refgenomes_fasta/fasta/vgp/fasta/GCA_048569485.1.fa.gz,aAnoBae1.hap1,Anomaloglossus baeobatrachus,VGP,GCA_048569485.1,aAnoBae1.hap1
/project/shefflab/brickyard/datasets_downloaded/refgenomes_fasta/fasta/vgp/fasta/GCA_964211835.1.fa.gz,bAnsAns1.hap1.1,Anser anser,VGP,GCA_964211835.1,bAnsAns1.hap1.1
/project/shefflab/brickyard/datasets_downloaded/refgenomes_fasta/fasta/vgp/fasta/GCA_964034855.1.fa.gz,bAnsBra1.1,Anser brachyrhynchus,VGP,GCA_964034855.1,bAnsBra1.1
/project/shefflab/brickyard/datasets_downloaded/refgenomes_fasta/fasta/vgp/fasta/GCF_040182565.1.fa.gz,Taihu_goose_T2T_genome,Anser cygnoides,VGP,GCF_040182565.1,Taihu_goose_T2T_genome
/project/shefflab/brickyard/datasets_downloaded/refgenomes_fasta/fasta/vgp/fasta/GCA_013358685.1.fa.gz,fAntMac1.pri,Antennarius maculatus,VGP,GCA_013358685.1,fAntMac1.pri
/project/shefflab/brickyard/datasets_downloaded/refgenomes_fasta/fasta/vgp/fasta/GCA_918807975.1.fa.gz,kaAplTurb1.1,Aplidium turbinatum,VGP,GCA_918807975.1,kaAplTurb1.1
/project/shefflab/brickyard/datasets_downloaded/refgenomes_fasta/fasta/vgp/fasta/GCA_017639675.1.fa.gz,fAplTae1.pri,Aplochiton taeniatus,VGP,GCA_017639675.1,fAplTae1.pri
/project/shefflab/brickyard/datasets_downloaded/refgenomes_fasta/fasta/vgp/fasta/GCF_947179515.1.fa.gz,mApoSyl1.1,Apodemus sylvaticus,VGP,GCF_947179515.1,mApoSyl1.1
/project/shefflab/brickyard/datasets_downloaded/refgenomes_fasta/fasta/vgp/fasta/GCF_036417845.1.fa.gz,bAptMan1.hap1,Apteryx mantelli,VGP,GCF_036417845.1,bAptMan1.hap1
/project/shefflab/brickyard/datasets_downloaded/refgenomes_fasta/fasta/vgp/fasta/GCF_020740795.1.fa.gz,bApuApu2.pri.cur,Apus apus,VGP,GCF_020740795.1,bApuApu2.pri.cur
/project/shefflab/brickyard/datasets_downloaded/refgenomes_fasta/fasta/vgp/fasta/GCF_900496995.4.fa.gz,bAquChr1.4,Aquila chrysaetos chrysaetos,VGP,GCF_900496995.4,bAquChr1.4
/project/shefflab/brickyard/datasets_downloaded/refgenomes_fasta/fasta/vgp/fasta/GCF_007364275.1.fa.gz,fArcCen1,Archocentrus centrarchus,VGP,GCF_007364275.1,fArcCen1
/project/shefflab/brickyard/datasets_downloaded/refgenomes_fasta/fasta/vgp/fasta/GCA_951799395.1.fa.gz,fArgSil1.1,Argentina silus,VGP,GCA_951799395.1,fArgSil1.1
/project/shefflab/brickyard/datasets_downloaded/refgenomes_fasta/fasta/vgp/fasta/GCF_905147365.1.fa.gz,ilAriAges1.1,Aricia agestis,VGP,GCF_905147365.1,ilAriAges1.1
/project/shefflab/brickyard/datasets_downloaded/refgenomes_fasta/fasta/vgp/fasta/GCA_042242135.1.fa.gz,fArrGeo1.hap2,Arripis georgiana,VGP,GCA_042242135.1,fArrGeo1.hap2
/project/shefflab/brickyard/datasets_downloaded/refgenomes_fasta/fasta/vgp/fasta/GCA_038363145.1.fa.gz,mArtInt1.hap1,Artibeus intermedius,VGP,GCA_038363145.1,mArtInt1.hap1
/project/shefflab/brickyard/datasets_downloaded/refgenomes_fasta/fasta/vgp/fasta/GCA_011762505.3.fa.gz,mArvNil1.pat.X,Arvicanthis niloticus,VGP,GCA_011762505.3,mArvNil1.pat.X
/project/shefflab/brickyard/datasets_downloaded/refgenomes_fasta/fasta/vgp/fasta/GCF_903992535.2.fa.gz,mArvAmp1.2,Arvicola amphibius,VGP,GCF_903992535.2,mArvAmp1.2
/project/shefflab/brickyard/datasets_downloaded/refgenomes_fasta/fasta/vgp/fasta/GCA_040206685.1.fa.gz,aAscTru1.hap1,Ascaphus truei,VGP,GCA_040206685.1,aAscTru1.hap1
/project/shefflab/brickyard/datasets_downloaded/refgenomes_fasta/fasta/vgp/fasta/GCA_947561715.1.fa.gz,kaAscMent1.1,Ascidia mentula,VGP,GCA_947561715.1,kaAscMent1.1
/project/shefflab/brickyard/datasets_downloaded/refgenomes_fasta/fasta/vgp/fasta/GCA_963924565.1.fa.gz,kaAscAspe10.1,Ascidiella aspersa,VGP,GCA_963924565.1,kaAscAspe10.1
/project/shefflab/brickyard/datasets_downloaded/refgenomes_fasta/fasta/vgp/fasta/GCA_043727835.1.fa.gz,ASM4372783v1,Aselliscus stoliczkanus,VGP,GCA_043727835.1,ASM4372783v1
/project/shefflab/brickyard/datasets_downloaded/refgenomes_fasta/fasta/vgp/fasta/GCA_023333525.2.fa.gz,rAspTig1.1.pri,Aspidoscelis tigris stejnegeri,VGP,GCA_023333525.2,rAspTig1.1.pri
/project/shefflab/brickyard/datasets_downloaded/refgenomes_fasta/fasta/vgp/fasta/GCA_964374335.1.fa.gz,fAstCal68.1,Astatotilapia calliptera,VGP,GCA_964374335.1,fAstCal68.1
/project/shefflab/brickyard/datasets_downloaded/refgenomes_fasta/fasta/vgp/fasta/GCF_902459465.1.fa.gz,eAstRub1.3,Asterias rubens,VGP,GCF_902459465.1,eAstRub1.3
/project/shefflab/brickyard/datasets_downloaded/refgenomes_fasta/fasta/vgp/fasta/GCA_929443795.2.fa.gz,bAccGen1.2,Astur gentilis,VGP,GCA_929443795.2,bAccGen1.2
/project/shefflab/brickyard/datasets_downloaded/refgenomes_fasta/fasta/vgp/fasta/GCF_023375975.1.fa.gz,AstMex3_surface,Astyanax mexicanus,VGP,GCF_023375975.1,AstMex3_surface
/project/shefflab/brickyard/datasets_downloaded/refgenomes_fasta/fasta/vgp/fasta/GCA_965140245.1.fa.gz,bAthNoc1.hap1.1,Athene noctua,VGP,GCA_965140245.1,bAthNoc1.hap1.1
/project/shefflab/brickyard/datasets_downloaded/refgenomes_fasta/fasta/vgp/fasta/GCA_965226115.1.fa.gz,fAulStu2.1,Aulonocara stuartgranti,VGP,GCA_965226115.1,fAulStu2.1
/project/shefflab/brickyard/datasets_downloaded/refgenomes_fasta/fasta/vgp/fasta/GCA_048301465.1.fa.gz,ASM4830146v1,Aulostomus maculatus,VGP,GCA_048301465.1,ASM4830146v1
/project/shefflab/brickyard/datasets_downloaded/refgenomes_fasta/fasta/vgp/fasta/GCA_964211825.1.fa.gz,bAytFer1.hap1.1,Aythya ferina,VGP,GCA_964211825.1,bAytFer1.hap1.1
/project/shefflab/brickyard/datasets_downloaded/refgenomes_fasta/fasta/vgp/fasta/GCF_009819795.1.fa.gz,bAytFul2.pri,Aythya fuligula,VGP,GCF_009819795.1,bAytFul2.pri
/project/shefflab/brickyard/datasets_downloaded/refgenomes_fasta/fasta/vgp/fasta/GCA_965140915.1.fa.gz,bAytMar2.hap1.1,Aythya marila,VGP,GCA_965140915.1,bAytMar2.hap1.1
/project/shefflab/brickyard/datasets_downloaded/refgenomes_fasta/fasta/vgp/fasta/GCF_949987535.1.fa.gz,mBalAcu1.1,Balaenoptera acutorostrata,VGP,GCF_949987535.1,mBalAcu1.1
/project/shefflab/brickyard/datasets_downloaded/refgenomes_fasta/fasta/vgp/fasta/GCA_965194805.1.fa.gz,mBalBor1.hap1.1,Balaenoptera borealis,VGP,GCA_965194805.1,mBalBor1.hap1.1
/project/shefflab/brickyard/datasets_downloaded/refgenomes_fasta/fasta/vgp/fasta/GCF_009873245.2.fa.gz,mBalMus1.pri.v3,Balaenoptera musculus,VGP,GCF_009873245.2,mBalMus1.pri.v3
/project/shefflab/brickyard/datasets_downloaded/refgenomes_fasta/fasta/vgp/fasta/GCA_965194825.1.fa.gz,mBalPhy2.hap1.1,Balaenoptera physalus,VGP,GCA_965194825.1,mBalPhy2.hap1.1
/project/shefflab/brickyard/datasets_downloaded/refgenomes_fasta/fasta/vgp/fasta/GCF_028023285.1.fa.gz,mBalRic1.hap2,Balaenoptera ricei,VGP,GCF_028023285.1,mBalRic1.hap2
/project/shefflab/brickyard/datasets_downloaded/refgenomes_fasta/fasta/vgp/fasta/GCA_040954625.2.fa.gz,keBalMisa1.hap1,Balanoglossus misakiensis,VGP,GCA_040954625.2,keBalMisa1.hap1
/project/shefflab/brickyard/datasets_downloaded/refgenomes_fasta/fasta/vgp/fasta/GCA_011004875.1.fa.gz,bBalReg1.pri,Balearica regulorum gibbericeps,VGP,GCA_011004875.1,bBalReg1.pri
/project/shefflab/brickyard/datasets_downloaded/refgenomes_fasta/fasta/vgp/fasta/GCA_936440315.1.fa.gz,fBarBab1.1,Barbus barbus,VGP,GCA_936440315.1,fBarBab1.1
/project/shefflab/brickyard/datasets_downloaded/refgenomes_fasta/fasta/vgp/fasta/GCF_900634795.4.fa.gz,fBetSpl5.4,Betta splendens,VGP,GCF_900634795.4,fBetSpl5.4
/project/shefflab/brickyard/datasets_downloaded/refgenomes_fasta/fasta/vgp/fasta/GCA_963422515.1.fa.gz,fBleOce1.1,Blennius ocellaris,VGP,GCA_963422515.1,fBleOce1.1
/project/shefflab/brickyard/datasets_downloaded/refgenomes_fasta/fasta/vgp/fasta/GCF_027579735.1.fa.gz,aBomBom1.pri,Bombina bombina,VGP,GCF_027579735.1,aBomBom1.pri
/project/shefflab/brickyard/datasets_downloaded/refgenomes_fasta/fasta/vgp/fasta/GCA_964205295.1.fa.gz,aBomVar4.paternal.1,Bombina variegata,VGP,GCA_964205295.1,aBomVar4.paternal.1
/project/shefflab/brickyard/datasets_downloaded/refgenomes_fasta/fasta/vgp/fasta/GCF_003369695.1.fa.gz,UOA_Brahman_1,Bos indicus x Bos taurus,VGP,GCF_003369695.1,UOA_Brahman_1
/project/shefflab/brickyard/datasets_downloaded/refgenomes_fasta/fasta/vgp/fasta/GCA_035047305.1.fa.gz,BraPum1.0,Bradypodion pumilum,VGP,GCA_035047305.1,BraPum1.0
/project/shefflab/brickyard/datasets_downloaded/refgenomes_fasta/fasta/vgp/fasta/GCA_035047345.1.fa.gz,BraVen1.1,Bradypodion ventrale,VGP,GCA_035047345.1,BraVen1.1
/project/shefflab/brickyard/datasets_downloaded/refgenomes_fasta/fasta/vgp/fasta/GCA_019207075.1.fa.gz,Bb-hap,Branchiostoma floridae x Branchiostoma belcheri,VGP,GCA_019207075.1,Bb-hap
/project/shefflab/brickyard/datasets_downloaded/refgenomes_fasta/fasta/vgp/fasta/GCA_015852565.1.fa.gz,bf_hap-2,Branchiostoma floridae x Branchiostoma japonicum,VGP,GCA_015852565.1,bf_hap-2
/project/shefflab/brickyard/datasets_downloaded/refgenomes_fasta/fasta/vgp/fasta/GCA_035083965.1.fa.gz,klBraLanc5.hap2,Branchiostoma lanceolatum,VGP,GCA_035083965.1,klBraLanc5.hap2
/project/shefflab/brickyard/datasets_downloaded/refgenomes_fasta/fasta/vgp/fasta/GCA_965231335.1.fa.gz,bBraCan1.1,Branta canadensis,VGP,GCA_965231335.1,bBraCan1.1
/project/shefflab/brickyard/datasets_downloaded/refgenomes_fasta/fasta/vgp/fasta/GCA_964059595.1.fa.gz,bBucCla1.1,Bucephala clangula,VGP,GCA_964059595.1,bBucCla1.1
/project/shefflab/brickyard/datasets_downloaded/refgenomes_fasta/fasta/vgp/fasta/GCA_009769605.1.fa.gz,bBucAby1.pri,Bucorvus abyssinicus,VGP,GCA_009769605.1,bBucAby1.pri
/project/shefflab/brickyard/datasets_downloaded/refgenomes_fasta/fasta/vgp/fasta/GCF_905171765.1.fa.gz,aBufBuf1.1,Bufo bufo,VGP,GCF_905171765.1,aBufBuf1.1
/project/shefflab/brickyard/datasets_downloaded/refgenomes_fasta/fasta/vgp/fasta/GCA_964188355.1.fa.gz,bButBut1.hap1.1,Buteo buteo,VGP,GCA_964188355.1,bButBut1.hap1.1
/project/shefflab/brickyard/datasets_downloaded/refgenomes_fasta/fasta/vgp/fasta/GCA_048129055.1.fa.gz,fCaeTer1.1_haplotype_1,Caesio teres,VGP,GCA_048129055.1,fCaeTer1.1_haplotype_1
/project/shefflab/brickyard/datasets_downloaded/refgenomes_fasta/fasta/vgp/fasta/GCA_049354715.1.fa.gz,calJac240_pri,Callithrix jacchus,VGP,GCA_049354715.1,calJac240_pri
/project/shefflab/brickyard/datasets_downloaded/refgenomes_fasta/fasta/vgp/fasta/GCF_011100555.1.fa.gz,mCalJa1.2.pat.X,Callithrix jacchus,VGP,GCF_011100555.1,mCalJa1.2.pat.X
/project/shefflab/brickyard/datasets_downloaded/refgenomes_fasta/fasta/vgp/fasta/GCA_048772815.1.fa.gz,mCalLat2.hap1,Callospermophilus lateralis,VGP,GCA_048772815.1,mCalLat2.hap1
/project/shefflab/brickyard/datasets_downloaded/refgenomes_fasta/fasta/vgp/fasta/GCF_036013445.1.fa.gz,bCalNic1.hap1,Caloenas nicobarica,VGP,GCF_036013445.1,bCalNic1.hap1
/project/shefflab/brickyard/datasets_downloaded/refgenomes_fasta/fasta/vgp/fasta/GCA_964195595.2.fa.gz,bCalBor7.hap1.2,Calonectris borealis,VGP,GCA_964195595.2,bCalBor7.hap1.2
/project/shefflab/brickyard/datasets_downloaded/refgenomes_fasta/fasta/vgp/fasta/GCF_003957555.1.fa.gz,bCalAnn1_v1.p,Calypte anna,VGP,GCF_003957555.1,bCalAnn1_v1.p
/project/shefflab/brickyard/datasets_downloaded/refgenomes_fasta/fasta/vgp/fasta/GCF_036321535.1.fa.gz,mCamDro1.pat,Camelus dromedarius,VGP,GCF_036321535.1,mCamDro1.pat
/project/shefflab/brickyard/datasets_downloaded/refgenomes_fasta/fasta/vgp/fasta/GCF_035149785.1.fa.gz,rCanAsp1.hap2,Candoia aspera,VGP,GCF_035149785.1,rCanAsp1.hap2
/project/shefflab/brickyard/datasets_downloaded/refgenomes_fasta/fasta/vgp/fasta/GCA_905319855.2.fa.gz,mCanLor1.2,Canis lupus,VGP,GCA_905319855.2,mCanLor1.2
/project/shefflab/brickyard/datasets_downloaded/refgenomes_fasta/fasta/vgp/fasta/GCF_048164855.1.fa.gz,mCanLup2.hap1,Canis lupus baileyi,VGP,GCF_048164855.1,mCanLup2.hap1
/project/shefflab/brickyard/datasets_downloaded/refgenomes_fasta/fasta/vgp/fasta/GCF_011100685.1.fa.gz,UU_Cfam_GSD_1.0,Canis lupus familiaris,VGP,GCF_011100685.1,UU_Cfam_GSD_1.0
/project/shefflab/brickyard/datasets_downloaded/refgenomes_fasta/fasta/vgp/fasta/GCA_041735815.1.fa.gz,T2T-goat2.0,Capra hircus,VGP,GCA_041735815.1,T2T-goat2.0
/project/shefflab/brickyard/datasets_downloaded/refgenomes_fasta/fasta/vgp/fasta/GCA_907165065.1.fa.gz,bCapEur3.1,Caprimulgus europaeus,VGP,GCA_907165065.1,bCapEur3.1
/project/shefflab/brickyard/datasets_downloaded/refgenomes_fasta/fasta/vgp/fasta/GCF_963082965.1.fa.gz,fCarCar2.1,Carassius carassius,VGP,GCF_963082965.1,fCarCar2.1
/project/shefflab/brickyard/datasets_downloaded/refgenomes_fasta/fasta/vgp/fasta/GCF_017639515.1.fa.gz,sCarCar2.pri,Carcharodon carcharias,VGP,GCF_017639515.1,sCarCar2.pri
/project/shefflab/brickyard/datasets_downloaded/refgenomes_fasta/fasta/vgp/fasta/GCA_965140235.1.fa.gz,rCarCar1.hap1,Caretta caretta,VGP,GCA_965140235.1,rCarCar1.hap1
/project/shefflab/brickyard/datasets_downloaded/refgenomes_fasta/fasta/vgp/fasta/GCA_033958435.1.fa.gz,ASM3395843v1,Carettochelys insculpta,VGP,GCA_033958435.1,ASM3395843v1
/project/shefflab/brickyard/datasets_downloaded/refgenomes_fasta/fasta/vgp/fasta/GCA_009819825.1.fa.gz,bCarCri1.pri,Cariama cristata,VGP,GCA_009819825.1,bCarCri1.pri
/project/shefflab/brickyard/datasets_downloaded/refgenomes_fasta/fasta/vgp/fasta/GCF_009819885.2.fa.gz,bCatUst1.pri.v2,Catharus ustulatus,VGP,GCF_009819885.2,bCatUst1.pri.v2
/project/shefflab/brickyard/datasets_downloaded/refgenomes_fasta/fasta/vgp/fasta/GCA_048128805.1.fa.gz,fCenGer3.hap1.cur.20231027,Centroberyx gerrardi,VGP,GCA_048128805.1,fCenGer3.hap1.cur.20231027
/project/shefflab/brickyard/datasets_downloaded/refgenomes_fasta/fasta/vgp/fasta/GCF_910594005.1.fa.gz,mCerEla1.1,Cervus elaphus,VGP,GCF_910594005.1,mCerEla1.1
/project/shefflab/brickyard/datasets_downloaded/refgenomes_fasta/fasta/vgp/fasta/GCA_964194155.1.fa.gz,sCetMax3.hap1.1,Cetorhinus maximus,VGP,GCA_964194155.1,sCetMax3.hap1.1
/project/shefflab/brickyard/datasets_downloaded/refgenomes_fasta/fasta/vgp/fasta/GCF_039877785.1.fa.gz,fChaTrf1.hap1,Chaetodon trifascialis,VGP,GCF_039877785.1,fChaTrf1.hap1
/project/shefflab/brickyard/datasets_downloaded/refgenomes_fasta/fasta/vgp/fasta/GCF_902362185.1.fa.gz,fChaCha1.1,Chanos chanos,VGP,GCF_902362185.1,fChaCha1.1
/project/shefflab/brickyard/datasets_downloaded/refgenomes_fasta/fasta/vgp/fasta/GCF_017976325.1.fa.gz,fCheRos1.pri,Chelmon rostratus,VGP,GCF_017976325.1,fCheRos1.pri
/project/shefflab/brickyard/datasets_downloaded/refgenomes_fasta/fasta/vgp/fasta/GCA_963514085.1.fa.gz,fCheLab1.1,Chelon labrosus,VGP,GCA_963514085.1,fCheLab1.1
/project/shefflab/brickyard/datasets_downloaded/refgenomes_fasta/fasta/vgp/fasta/GCF_015237465.2.fa.gz,rCheMyd1.pri.v2,Chelonia mydas,VGP,GCF_015237465.2,rCheMyd1.pri.v2
/project/shefflab/brickyard/datasets_downloaded/refgenomes_fasta/fasta/vgp/fasta/GCF_950005125.1.fa.gz,mChiNiv1.1,Chionomys nivalis,VGP,GCF_950005125.1,mChiNiv1.1
/project/shefflab/brickyard/datasets_downloaded/refgenomes_fasta/fasta/vgp/fasta/GCF_009829145.1.fa.gz,bChiLan1.pri,Chiroxiphia lanceolata,VGP,GCF_009829145.1,bChiLan1.pri
/project/shefflab/brickyard/datasets_downloaded/refgenomes_fasta/fasta/vgp/fasta/GCA_036417535.1.fa.gz,bChlMac1.mat,Chlamydotis macqueenii,VGP,GCA_036417535.1,bChlMac1.mat
/project/shefflab/brickyard/datasets_downloaded/refgenomes_fasta/fasta/vgp/fasta/GCA_047301625.1.fa.gz,ASM4730162v1,Choerodon schoenleinii,VGP,GCA_047301625.1,ASM4730162v1
/project/shefflab/brickyard/datasets_downloaded/refgenomes_fasta/fasta/vgp/fasta/GCF_015220235.1.fa.gz,mChoDid1.pri,Choloepus didactylus,VGP,GCF_015220235.1,mChoDid1.pri
/project/shefflab/brickyard/datasets_downloaded/refgenomes_fasta/fasta/vgp/fasta/GCF_963924245.1.fa.gz,bChrRid1.1,Chroicocephalus ridibundus,VGP,GCF_963924245.1,bChrRid1.1
/project/shefflab/brickyard/datasets_downloaded/refgenomes_fasta/fasta/vgp/fasta/GCA_017639555.1.fa.gz,bCicMag1.pri,Ciconia maguari,VGP,GCA_017639555.1,bCicMag1.pri
/project/shefflab/brickyard/datasets_downloaded/refgenomes_fasta/fasta/vgp/fasta/GCF_963662255.1.fa.gz,bCinCin1.1,Cinclus cinclus,VGP,GCF_963662255.1,bCinCin1.1
/project/shefflab/brickyard/datasets_downloaded/refgenomes_fasta/fasta/vgp/fasta/GCA_963989345.1.fa.gz,bClaHye2.1,Clangula hyemalis,VGP,GCA_963989345.1,bClaHye2.1
/project/shefflab/brickyard/datasets_downloaded/refgenomes_fasta/fasta/vgp/fasta/GCA_024256435.1.fa.gz,CGAR_Hap1,Clarias gariepinus,VGP,GCA_024256435.1,CGAR_Hap1
/project/shefflab/brickyard/datasets_downloaded/refgenomes_fasta/fasta/vgp/fasta/GCA_947623445.1.fa.gz,kaClaLepa1.1,Clavelina lepadiformis,VGP,GCA_947623445.1,kaClaLepa1.1
/project/shefflab/brickyard/datasets_downloaded/refgenomes_fasta/fasta/vgp/fasta/GCA_048544225.1.fa.gz,fCoiMys1.hap2,Coilia mystus,VGP,GCA_048544225.1,fCoiMys1.hap2
/project/shefflab/brickyard/datasets_downloaded/refgenomes_fasta/fasta/vgp/fasta/GCF_028858725.1.fa.gz,bColStr4.1.hap1,Colius striatus,VGP,GCF_028858725.1,bColStr4.1.hap1
/project/shefflab/brickyard/datasets_downloaded/refgenomes_fasta/fasta/vgp/fasta/GCA_965178545.1.fa.gz,bColMon1.hap1.1,Coloeus monedula,VGP,GCA_965178545.1,bColMon1.hap1.1
/project/shefflab/brickyard/datasets_downloaded/refgenomes_fasta/fasta/vgp/fasta/GCF_036013475.1.fa.gz,bColLiv1.pat.W.v2,Columba livia,VGP,GCF_036013475.1,bColLiv1.pat.W.v2
/project/shefflab/brickyard/datasets_downloaded/refgenomes_fasta/fasta/vgp/fasta/GCF_963514075.1.fa.gz,fConCon1.1,Conger conger,VGP,GCF_963514075.1,fConCon1.1
/project/shefflab/brickyard/datasets_downloaded/refgenomes_fasta/fasta/vgp/fasta/GCA_964263955.1.fa.gz,fCorLav1.hap1.1,Coregonus lavaretus,VGP,GCA_964263955.1,fCorLav1.hap1.1
/project/shefflab/brickyard/datasets_downloaded/refgenomes_fasta/fasta/vgp/fasta/GCA_963082875.1.fa.gz,kaCorEumy4.1,Corella eumyota,VGP,GCA_963082875.1,kaCorEumy4.1
/project/shefflab/brickyard/datasets_downloaded/refgenomes_fasta/fasta/vgp/fasta/GCF_020740725.1.fa.gz,bCorHaw1.pri.cur,Corvus hawaiiensis,VGP,GCF_020740725.1,bCorHaw1.pri.cur
/project/shefflab/brickyard/datasets_downloaded/refgenomes_fasta/fasta/vgp/fasta/GCF_009650955.1.fa.gz,bCorMon1.pri,Corvus moneduloides,VGP,GCF_009650955.1,bCorMon1.pri
/project/shefflab/brickyard/datasets_downloaded/refgenomes_fasta/fasta/vgp/fasta/GCF_900634415.1.fa.gz,fCotGob3.1,Cottoperca gobio,VGP,GCF_900634415.1,fCotGob3.1
/project/shefflab/brickyard/datasets_downloaded/refgenomes_fasta/fasta/vgp/fasta/GCA_049082185.1.fa.gz,fCriAus1.1_haplotype_1,Cristiceps australis,VGP,GCA_049082185.1,fCriAus1.1_haplotype_1
/project/shefflab/brickyard/datasets_downloaded/refgenomes_fasta/fasta/vgp/fasta/GCA_048771875.1.fa.gz,mCteGun2.hap1,Ctenodactylus gundi,VGP,GCA_048771875.1,mCteGun2.hap1
/project/shefflab/brickyard/datasets_downloaded/refgenomes_fasta/fasta/vgp/fasta/GCF_017976375.1.fa.gz,bCucCan1.pri,Cuculus canorus,VGP,GCF_017976375.1,bCucCan1.pri
/project/shefflab/brickyard/datasets_downloaded/refgenomes_fasta/fasta/vgp/fasta/GCA_046129655.1.fa.gz,bCyaCrs1.hap1,Cyanocitta cristata,VGP,GCA_046129655.1,bCyaCrs1.hap1
/project/shefflab/brickyard/datasets_downloaded/refgenomes_fasta/fasta/vgp/fasta/GCF_009769545.1.fa.gz,fCycLum1.pri,Cyclopterus lumpus,VGP,GCF_009769545.1,fCycLum1.pri
/project/shefflab/brickyard/datasets_downloaded/refgenomes_fasta/fasta/vgp/fasta/GCA_965151615.1.fa.gz,bCygCol1.1,Cygnus columbianus,VGP,GCA_965151615.1,bCygCol1.1
/project/shefflab/brickyard/datasets_downloaded/refgenomes_fasta/fasta/vgp/fasta/GCF_009769625.2.fa.gz,bCygOlo1.pri.v2,Cygnus olor,VGP,GCF_009769625.2,bCygOlo1.pri.v2
/project/shefflab/brickyard/datasets_downloaded/refgenomes_fasta/fasta/vgp/fasta/GCF_027409185.1.fa.gz,mCynVol1.pri,Cynocephalus volans,VGP,GCF_027409185.1,mCynVol1.pri
/project/shefflab/brickyard/datasets_downloaded/refgenomes_fasta/fasta/vgp/fasta/GCA_038024135.1.fa.gz,fCypVen1.hap2,Cyprinella venusta,VGP,GCA_038024135.1,fCypVen1.hap2
/project/shefflab/brickyard/datasets_downloaded/refgenomes_fasta/fasta/vgp/fasta/GCA_048126745.1.fa.gz,DamDam1_v1.mat,Dama dama,VGP,GCA_048126745.1,DamDam1_v1.mat
/project/shefflab/brickyard/datasets_downloaded/refgenomes_fasta/fasta/vgp/fasta/GCA_944039275.1.fa.gz,fDanRer4.1,Danio rerio,VGP,GCA_944039275.1,fDanRer4.1
/project/shefflab/brickyard/datasets_downloaded/refgenomes_fasta/fasta/vgp/fasta/GCF_030445035.2.fa.gz,mDasNov1.1.hap2,Dasypus novemcinctus,VGP,GCF_030445035.2,mDasNov1.1.hap2
/project/shefflab/brickyard/datasets_downloaded/refgenomes_fasta/fasta/vgp/fasta/GCA_048593285.1.fa.gz,ASM4859328v1,Dasyurus maculatus,VGP,GCA_048593285.1,ASM4859328v1
/project/shefflab/brickyard/datasets_downloaded/refgenomes_fasta/fasta/vgp/fasta/GCF_949987515.2.fa.gz,mDelDel1.2,Delphinus delphis,VGP,GCF_949987515.2,mDelDel1.2
/project/shefflab/brickyard/datasets_downloaded/refgenomes_fasta/fasta/vgp/fasta/GCF_027789765.1.fa.gz,aDenEbr1.pat,Dendropsophus ebraccatus,VGP,GCF_027789765.1,aDenEbr1.pat
/project/shefflab/brickyard/datasets_downloaded/refgenomes_fasta/fasta/vgp/fasta/GCA_900700375.2.fa.gz,fDenClu1.2,Denticeps clupeoides,VGP,GCA_900700375.2,fDenClu1.2
/project/shefflab/brickyard/datasets_downloaded/refgenomes_fasta/fasta/vgp/fasta/GCF_009764565.3.fa.gz,rDerCor1.pri.v4,Dermochelys coriacea,VGP,GCF_009764565.3,rDerCor1.pri.v4
/project/shefflab/brickyard/datasets_downloaded/refgenomes_fasta/fasta/vgp/fasta/GCA_022682495.2.fa.gz,HLdesRot8A.1,Desmodus rotundus,VGP,GCA_022682495.2,HLdesRot8A.1
/project/shefflab/brickyard/datasets_downloaded/refgenomes_fasta/fasta/vgp/fasta/GCA_046126795.1.fa.gz,rDibSmi1.hap1,Dibamus cf. smithi,VGP,GCA_046126795.1,rDibSmi1.hap1
/project/shefflab/brickyard/datasets_downloaded/refgenomes_fasta/fasta/vgp/fasta/GCF_020826845.1.fa.gz,mDicBic1.mat.cur,Diceros bicornis minor,VGP,GCF_020826845.1,mDicBic1.mat.cur
/project/shefflab/brickyard/datasets_downloaded/refgenomes_fasta/fasta/vgp/fasta/GCA_048569125.1.fa.gz,fDirArg3.hap1,Diretmus argenteus,VGP,GCA_048569125.1,fDirArg3.hap1
/project/shefflab/brickyard/datasets_downloaded/refgenomes_fasta/fasta/vgp/fasta/GCA_043880285.1.fa.gz,ASM4388028v1,Doryrhina cyclops,VGP,GCA_043880285.1,ASM4388028v1
/project/shefflab/brickyard/datasets_downloaded/refgenomes_fasta/fasta/vgp/fasta/GCA_016128335.2.fa.gz,ZJU2.0,Dromaius novaehollandiae,VGP,GCA_016128335.2,ZJU2.0
/project/shefflab/brickyard/datasets_downloaded/refgenomes_fasta/fasta/vgp/fasta/GCF_036370855.1.fa.gz,bDroNov1.hap1,Dromaius novaehollandiae,VGP,GCF_036370855.1,bDroNov1.hap1
/project/shefflab/brickyard/datasets_downloaded/refgenomes_fasta/fasta/vgp/fasta/GCF_019393635.1.fa.gz,mDroGli1.pri,Dromiciops gliroides,VGP,GCF_019393635.1,mDroGli1.pri
/project/shefflab/brickyard/datasets_downloaded/refgenomes_fasta/fasta/vgp/fasta/GCF_014839835.1.fa.gz,bDryPub1.pri,Dryobates pubescens,VGP,GCF_014839835.1,bDryPub1.pri
/project/shefflab/brickyard/datasets_downloaded/refgenomes_fasta/fasta/vgp/fasta/GCA_030035585.1.fa.gz,mDugDug1.hap1,Dugong dugon,VGP,GCA_030035585.1,mDugDug1.hap1
/project/shefflab/brickyard/datasets_downloaded/refgenomes_fasta/fasta/vgp/fasta/GCA_900963305.2.fa.gz,fEcheNa1.2,Echeneis naucrates,VGP,GCA_900963305.2,fEcheNa1.2
/project/shefflab/brickyard/datasets_downloaded/refgenomes_fasta/fasta/vgp/fasta/GCA_963691815.1.fa.gz,fEchVip8.1,Echiichthys vipera,VGP,GCA_963691815.1,fEchVip8.1
/project/shefflab/brickyard/datasets_downloaded/refgenomes_fasta/fasta/vgp/fasta/GCA_041902795.1.fa.gz,ASM4190279v1,Electrophorus electricus,VGP,GCA_041902795.1,ASM4190279v1
/project/shefflab/brickyard/datasets_downloaded/refgenomes_fasta/fasta/vgp/fasta/GCF_013358815.1.fa.gz,fEleEle1.pri,Electrophorus electricus,VGP,GCF_013358815.1,fEleEle1.pri
/project/shefflab/brickyard/datasets_downloaded/refgenomes_fasta/fasta/vgp/fasta/GCF_024166365.1.fa.gz,mEleMax1 primary haplotype,Elephas maximus indicus,VGP,GCF_024166365.1,mEleMax1 primary haplotype
/project/shefflab/brickyard/datasets_downloaded/refgenomes_fasta/fasta/vgp/fasta/GCF_035609145.1.fa.gz,aEleCoq1.hap1,Eleutherodactylus coqui,VGP,GCF_035609145.1,aEleCoq1.hap1
/project/shefflab/brickyard/datasets_downloaded/refgenomes_fasta/fasta/vgp/fasta/GCF_023053635.1.fa.gz,rElgMul1.1.pri,Elgaria multicarinata webbii,VGP,GCF_023053635.1,rElgMul1.1.pri
/project/shefflab/brickyard/datasets_downloaded/refgenomes_fasta/fasta/vgp/fasta/GCF_028017835.1.fa.gz,rEmyOrb1.hap1,Emys orbicularis,VGP,GCF_028017835.1,rEmyOrb1.hap1
/project/shefflab/brickyard/datasets_downloaded/refgenomes_fasta/fasta/vgp/fasta/GCF_040894005.1.fa.gz,aEngPut4.maternal,Engystomops pustulosus,VGP,GCF_040894005.1,aEngPut4.maternal
/project/shefflab/brickyard/datasets_downloaded/refgenomes_fasta/fasta/vgp/fasta/GCF_043641665.1.fa.gz,fEnoArm2.hap1,Enoplosus armatus,VGP,GCF_043641665.1,fEnoArm2.hap1
/project/shefflab/brickyard/datasets_downloaded/refgenomes_fasta/fasta/vgp/fasta/GCA_041903045.1.fa.gz,ASM4190304v1,Epinephelus lanceolatus,VGP,GCA_041903045.1,ASM4190304v1
/project/shefflab/brickyard/datasets_downloaded/refgenomes_fasta/fasta/vgp/fasta/GCA_048129235.1.fa.gz,fEpiMut1.hap1.cur.20240206,Epinephelus rankini,VGP,GCA_048129235.1,fEpiMut1.hap1.cur.20240206
/project/shefflab/brickyard/datasets_downloaded/refgenomes_fasta/fasta/vgp/fasta/GCF_027574615.1.fa.gz,DD_ASM_mEF_20220401,Eptesicus fuscus,VGP,GCF_027574615.1,DD_ASM_mEF_20220401
/project/shefflab/brickyard/datasets_downloaded/refgenomes_fasta/fasta/vgp/fasta/GCA_036426135.1.fa.gz,mEquCab1.pat,Equus caballus,VGP,GCA_036426135.1,mEquCab1.pat
/project/shefflab/brickyard/datasets_downloaded/refgenomes_fasta/fasta/vgp/fasta/GCA_965152235.1.fa.gz,rEreImb1.hap1,Eretmochelys imbricata,VGP,GCA_965152235.1,rEreImb1.hap1
/project/shefflab/brickyard/datasets_downloaded/refgenomes_fasta/fasta/vgp/fasta/GCF_950295315.1.fa.gz,mEriEur2.1,Erinaceus europaeus,VGP,GCF_950295315.1,mEriEur2.1
/project/shefflab/brickyard/datasets_downloaded/refgenomes_fasta/fasta/vgp/fasta/GCA_903797595.2.fa.gz,bEriRub2.2,Erithacus rubecula,VGP,GCA_903797595.2,bEriRub2.2
/project/shefflab/brickyard/datasets_downloaded/refgenomes_fasta/fasta/vgp/fasta/GCF_900747795.2.fa.gz,fErpCal1.3,Erpetoichthys calabaricus,VGP,GCF_900747795.2,fErpCal1.3
/project/shefflab/brickyard/datasets_downloaded/refgenomes_fasta/fasta/vgp/fasta/GCF_031021105.1.fa.gz,rEryReg1.hap1,Erythrolamprus reginae,VGP,GCF_031021105.1,rEryReg1.hap1
/project/shefflab/brickyard/datasets_downloaded/refgenomes_fasta/fasta/vgp/fasta/GCF_028021215.1.fa.gz,mEscRob2.pri,Eschrichtius robustus,VGP,GCF_028021215.1,mEscRob2.pri
/project/shefflab/brickyard/datasets_downloaded/refgenomes_fasta/fasta/vgp/fasta/GCF_011004845.1.fa.gz,fEsoLuc1.pri,Esox lucius,VGP,GCF_011004845.1,fEsoLuc1.pri
/project/shefflab/brickyard/datasets_downloaded/refgenomes_fasta/fasta/vgp/fasta/GCF_028564815.1.fa.gz,mEubGla1.1.hap2.+ XY,Eubalaena glacialis,VGP,GCF_028564815.1,mEubGla1.1.hap2.+ XY
/project/shefflab/brickyard/datasets_downloaded/refgenomes_fasta/fasta/vgp/fasta/GCF_028583425.1.fa.gz,MPM_Emac_v1.0,Eublepharis macularius,VGP,GCF_028583425.1,MPM_Emac_v1.0
/project/shefflab/brickyard/datasets_downloaded/refgenomes_fasta/fasta/vgp/fasta/GCA_047922985.1.fa.gz,bEudEle1_v1.hap1,Eudromia elegans,VGP,GCA_047922985.1,bEudEle1_v1.hap1
/project/shefflab/brickyard/datasets_downloaded/refgenomes_fasta/fasta/vgp/fasta/GCF_029931775.1.fa.gz,rEulEur1.hap1,Euleptes europaea,VGP,GCF_029931775.1,rEulEur1.hap1
/project/shefflab/brickyard/datasets_downloaded/refgenomes_fasta/fasta/vgp/fasta/GCA_963514095.1.fa.gz,fEutGur1.1,Eutrigla gurnardus,VGP,GCA_963514095.1,fEutGur1.1
/project/shefflab/brickyard/datasets_downloaded/refgenomes_fasta/fasta/vgp/fasta/GCA_039878825.1.fa.gz,bCotChi1.hap2,Excalfactoria chinensis,VGP,GCA_039878825.1,bCotChi1.hap2
/project/shefflab/brickyard/datasets_downloaded/refgenomes_fasta/fasta/vgp/fasta/GCF_023638135.1.fa.gz,bFalBia1.pri,Falco biarmicus,VGP,GCF_023638135.1,bFalBia1.pri
/project/shefflab/brickyard/datasets_downloaded/refgenomes_fasta/fasta/vgp/fasta/GCF_023634085.1.fa.gz,bFalChe1.pri,Falco cherrug,VGP,GCF_023634085.1,bFalChe1.pri
/project/shefflab/brickyard/datasets_downloaded/refgenomes_fasta/fasta/vgp/fasta/GCF_017639655.2.fa.gz,bFalNau1.pat,Falco naumanni,VGP,GCF_017639655.2,bFalNau1.pat
/project/shefflab/brickyard/datasets_downloaded/refgenomes_fasta/fasta/vgp/fasta/GCF_023634155.1.fa.gz,bFalPer1.pri,Falco peregrinus,VGP,GCF_023634155.1,bFalPer1.pri
/project/shefflab/brickyard/datasets_downloaded/refgenomes_fasta/fasta/vgp/fasta/GCA_963210335.1.fa.gz,bFalPun1.1,Falco punctatus,VGP,GCA_963210335.1,bFalPun1.1
/project/shefflab/brickyard/datasets_downloaded/refgenomes_fasta/fasta/vgp/fasta/GCF_015220075.1.fa.gz,bFalRus1.pri,Falco rusticolus,VGP,GCF_015220075.1,bFalRus1.pri
/project/shefflab/brickyard/datasets_downloaded/refgenomes_fasta/fasta/vgp/fasta/GCA_963513975.1.fa.gz,bFriCoe1.1,Fringilla coelebs,VGP,GCA_963513975.1,bFriCoe1.1
/project/shefflab/brickyard/datasets_downloaded/refgenomes_fasta/fasta/vgp/fasta/GCA_037039145.1.fa.gz,fFunDia1.hap1,Fundulus diaphanus,VGP,GCA_037039145.1,fFunDia1.hap1
/project/shefflab/brickyard/datasets_downloaded/refgenomes_fasta/fasta/vgp/fasta/GCF_902167405.1.fa.gz,gadMor3.0,Gadus morhua,VGP,GCF_902167405.1,gadMor3.0
/project/shefflab/brickyard/datasets_downloaded/refgenomes_fasta/fasta/vgp/fasta/GCA_964237585.1.fa.gz,bGalChl1.hap1.1,Gallinula chloropus,VGP,GCA_964237585.1,bGalChl1.hap1.1
/project/shefflab/brickyard/datasets_downloaded/refgenomes_fasta/fasta/vgp/fasta/GCF_016700215.2.fa.gz,bGalGal1.pat.whiteleghornlayer.GRCg7w_WZ,Gallus gallus,VGP,GCF_016700215.2,bGalGal1.pat.whiteleghornlayer.GRCg7w_WZ
/project/shefflab/brickyard/datasets_downloaded/refgenomes_fasta/fasta/vgp/fasta/GCA_964276395.1.fa.gz,fGasAcu3.hap1.1,Gasterosteus aculeatus,VGP,GCA_964276395.1,fGasAcu3.hap1.1
/project/shefflab/brickyard/datasets_downloaded/refgenomes_fasta/fasta/vgp/fasta/GCF_030936135.1.fa.gz,bGavSte3.hap2,Gavia stellata,VGP,GCF_030936135.1,bGavSte3.hap2
/project/shefflab/brickyard/datasets_downloaded/refgenomes_fasta/fasta/vgp/fasta/GCA_009764595.1.fa.gz,bGeoTri1.pri,Geothlypis trichas,VGP,GCA_009764595.1,bGeoTri1.pri
/project/shefflab/brickyard/datasets_downloaded/refgenomes_fasta/fasta/vgp/fasta/GCA_902459505.2.fa.gz,aGeoSer1.2,Geotrypetes seraphini,VGP,GCA_902459505.2,aGeoSer1.2
/project/shefflab/brickyard/datasets_downloaded/refgenomes_fasta/fasta/vgp/fasta/GCF_021462225.1.fa.gz,DD_fGirMul_XY1,Girardinichthys multiradiatus,VGP,GCF_021462225.1,DD_fGirMul_XY1
/project/shefflab/brickyard/datasets_downloaded/refgenomes_fasta/fasta/vgp/fasta/GCF_963455315.2.fa.gz,mGloMel1.2,Globicephala melas,VGP,GCF_963455315.2,mGloMel1.2
/project/shefflab/brickyard/datasets_downloaded/refgenomes_fasta/fasta/vgp/fasta/GCA_039655065.1.fa.gz,mGloMut1.hap1,Glossophaga mutica,VGP,GCA_039655065.1,mGloMut1.hap1
/project/shefflab/brickyard/datasets_downloaded/refgenomes_fasta/fasta/vgp/fasta/GCA_951799975.1.fa.gz,fGobNig1.1,Gobius niger,VGP,GCA_951799975.1,fGobNig1.1
/project/shefflab/brickyard/datasets_downloaded/refgenomes_fasta/fasta/vgp/fasta/GCF_007399415.2.fa.gz,rGopEvg1_v1.p,Gopherus evgoodei,VGP,GCF_007399415.2,rGopEvg1_v1.p
/project/shefflab/brickyard/datasets_downloaded/refgenomes_fasta/fasta/vgp/fasta/GCF_025201925.1.fa.gz,rGopFla2.mat.asm,Gopherus flavomarginatus,VGP,GCF_025201925.1,rGopFla2.mat.asm
/project/shefflab/brickyard/datasets_downloaded/refgenomes_fasta/fasta/vgp/fasta/GCA_900634775.2.fa.gz,fGouWil2.2,Gouania willdenowi,VGP,GCA_900634775.2,fGouWil2.2
/project/shefflab/brickyard/datasets_downloaded/refgenomes_fasta/fasta/vgp/fasta/GCA_964374135.1.fa.gz,mGraGri1.hap1.1,Grampus griseus,VGP,GCA_964374135.1,mGraGri1.hap1.1
/project/shefflab/brickyard/datasets_downloaded/refgenomes_fasta/fasta/vgp/fasta/GCF_028858705.1.fa.gz,bGruAme1.mat,Grus americana,VGP,GCF_028858705.1,bGruAme1.mat
/project/shefflab/brickyard/datasets_downloaded/refgenomes_fasta/fasta/vgp/fasta/GCA_964106855.1.fa.gz,bGruGru1.hap1.1,Grus grus,VGP,GCA_964106855.1,bGruGru1.hap1.1
/project/shefflab/brickyard/datasets_downloaded/refgenomes_fasta/fasta/vgp/fasta/GCA_045345405.1.fa.gz,bGuaGua1 haplotype 1,Guaruba guarouba,VGP,GCA_045345405.1,bGuaGua1 haplotype 1
/project/shefflab/brickyard/datasets_downloaded/refgenomes_fasta/fasta/vgp/fasta/GCA_963280865.1.fa.gz,fGymBra2.1,Gymnoscopelus braueri,VGP,GCA_963280865.1,fGymBra2.1
/project/shefflab/brickyard/datasets_downloaded/refgenomes_fasta/fasta/vgp/fasta/GCA_963454915.1.fa.gz,fGymMic1.1,Gymnoscopelus microlampas,VGP,GCA_963454915.1,fGymMic1.1
/project/shefflab/brickyard/datasets_downloaded/refgenomes_fasta/fasta/vgp/fasta/GCF_027477595.1.fa.gz,bHaeMex1.pri,Haemorhous mexicanus,VGP,GCF_027477595.1,bHaeMex1.pri
/project/shefflab/brickyard/datasets_downloaded/refgenomes_fasta/fasta/vgp/fasta/GCF_947461875.1.fa.gz,bHalAlb1.1,Haliaeetus albicilla,VGP,GCF_947461875.1,bHalAlb1.1
/project/shefflab/brickyard/datasets_downloaded/refgenomes_fasta/fasta/vgp/fasta/GCA_964656455.1.fa.gz,mHalGry1.hap1.1,Halichoerus grypus,VGP,GCA_964656455.1,mHalGry1.hap1.1
/project/shefflab/brickyard/datasets_downloaded/refgenomes_fasta/fasta/vgp/fasta/GCF_026419915.1.fa.gz,bHarHar1 primary haplotype,Harpia harpyja,VGP,GCF_026419915.1,bHarHar1 primary haplotype
/project/shefflab/brickyard/datasets_downloaded/refgenomes_fasta/fasta/vgp/fasta/GCF_036169615.1.fa.gz,bHelExo1.hap1,Heliangelus exortis,VGP,GCF_036169615.1,bHelExo1.hap1
/project/shefflab/brickyard/datasets_downloaded/refgenomes_fasta/fasta/vgp/fasta/GCA_020745705.1.fa.gz,bHemCom1.pri.cur,Hemiprocne comata,VGP,GCA_020745705.1,bHemCom1.pri.cur
/project/shefflab/brickyard/datasets_downloaded/refgenomes_fasta/fasta/vgp/fasta/GCF_020745735.1.fa.gz,sHemOce1.pat.X.cur.,Hemiscyllium ocellatum,VGP,GCF_020745735.1,sHemOce1.pat.X.cur.
/project/shefflab/brickyard/datasets_downloaded/refgenomes_fasta/fasta/vgp/fasta/GCA_035084215.1.fa.gz,sHepPer1.hap1,Heptranchias perlo,VGP,GCA_035084215.1,sHepPer1.hap1
/project/shefflab/brickyard/datasets_downloaded/refgenomes_fasta/fasta/vgp/fasta/GCA_036365495.1.fa.gz,sHetFra1.hap2,Heterodontus francisci,VGP,GCA_036365495.1,sHetFra1.hap2
/project/shefflab/brickyard/datasets_downloaded/refgenomes_fasta/fasta/vgp/fasta/GCF_036365525.1.fa.gz,sHetFra1.hap1,Heterodontus francisci,VGP,GCF_036365525.1,sHetFra1.hap1
/project/shefflab/brickyard/datasets_downloaded/refgenomes_fasta/fasta/vgp/fasta/GCF_009819705.1.fa.gz,fHipHip1.pri,Hippoglossus hippoglossus,VGP,GCF_009819705.1,fHipHip1.pri
/project/shefflab/brickyard/datasets_downloaded/refgenomes_fasta/fasta/vgp/fasta/GCF_030028045.1.fa.gz,mHipAmp2.hap2,Hippopotamus amphibius kiboko,VGP,GCF_030028045.1,mHipAmp2.hap2
/project/shefflab/brickyard/datasets_downloaded/refgenomes_fasta/fasta/vgp/fasta/GCA_031876335.1.fa.gz,mHipLar1.pri,Hipposideros larvatus,VGP,GCA_031876335.1,mHipLar1.pri
/project/shefflab/brickyard/datasets_downloaded/refgenomes_fasta/fasta/vgp/fasta/GCF_015227805.2.fa.gz,bHirRus1.pri.v3,Hirundo rustica,VGP,GCF_015227805.2,bHirRus1.pri.v3
/project/shefflab/brickyard/datasets_downloaded/refgenomes_fasta/fasta/vgp/fasta/GCA_035084275.1.fa.gz,sHydCol1.hap2,Hydrolagus colliei,VGP,GCA_035084275.1,sHydCol1.hap2
/project/shefflab/brickyard/datasets_downloaded/refgenomes_fasta/fasta/vgp/fasta/GCF_029499605.1.fa.gz,aHylSar1.hap1,Hyla sarda,VGP,GCF_029499605.1,aHylSar1.hap1
/project/shefflab/brickyard/datasets_downloaded/refgenomes_fasta/fasta/vgp/fasta/GCF_030144855.1.fa.gz,sHypSab1.hap1,Hypanus sabinus,VGP,GCF_030144855.1,sHypSab1.hap1
/project/shefflab/brickyard/datasets_downloaded/refgenomes_fasta/fasta/vgp/fasta/GCF_040937935.1.fa.gz,aHypRig1.pri,Hyperolius riggenbachi,VGP,GCF_040937935.1,aHypRig1.pri
/project/shefflab/brickyard/datasets_downloaded/refgenomes_fasta/fasta/vgp/fasta/GCA_949752795.1.fa.gz,mHypAmp2.1,Hyperoodon ampullatus,VGP,GCA_949752795.1,mHypAmp2.1
/project/shefflab/brickyard/datasets_downloaded/refgenomes_fasta/fasta/vgp/fasta/GCA_036417435.1.fa.gz,mIniGeo1.hap1,Inia geoffrensis,VGP,GCA_036417435.1,mIniGeo1.hap1
/project/shefflab/brickyard/datasets_downloaded/refgenomes_fasta/fasta/vgp/fasta/GCF_020740685.1.fa.gz,mJacJac1.mat.Y.cur,Jaculus jaculus,VGP,GCF_020740685.1,mJacJac1.mat.Y.cur
/project/shefflab/brickyard/datasets_downloaded/refgenomes_fasta/fasta/vgp/fasta/GCF_026419965.1.fa.gz,mKogBre1 haplotype 1,Kogia breviceps,VGP,GCF_026419965.1,mKogBre1 haplotype 1
/project/shefflab/brickyard/datasets_downloaded/refgenomes_fasta/fasta/vgp/fasta/GCF_963930695.1.fa.gz,fLabBer1.1,Labrus bergylta,VGP,GCF_963930695.1,fLabBer1.1
/project/shefflab/brickyard/datasets_downloaded/refgenomes_fasta/fasta/vgp/fasta/GCF_963584025.1.fa.gz,fLabMix1.1,Labrus mixtus,VGP,GCF_963584025.1,fLabMix1.1
/project/shefflab/brickyard/datasets_downloaded/refgenomes_fasta/fasta/vgp/fasta/GCF_009819535.1.fa.gz,rLacAgi1.pri,Lacerta agilis,VGP,GCF_009819535.1,rLacAgi1.pri
/project/shefflab/brickyard/datasets_downloaded/refgenomes_fasta/fasta/vgp/fasta/GCF_949774975.1.fa.gz,mLagAlb1.1,Lagenorhynchus albirostris,VGP,GCF_949774975.1,mLagAlb1.1
/project/shefflab/brickyard/datasets_downloaded/refgenomes_fasta/fasta/vgp/fasta/GCF_023343835.1.fa.gz,bLagMut1 primary,Lagopus muta,VGP,GCF_023343835.1,bLagMut1 primary
/project/shefflab/brickyard/datasets_downloaded/refgenomes_fasta/fasta/vgp/fasta/GCA_964198595.1.fa.gz,kcLamFluv1.1,Lampetra fluviatilis,VGP,GCA_964198595.1,kcLamFluv1.1
/project/shefflab/brickyard/datasets_downloaded/refgenomes_fasta/fasta/vgp/fasta/GCF_029633865.1.fa.gz,fLamInc1.hap2,Lampris incognitus,VGP,GCF_029633865.1,fLamInc1.hap2
/project/shefflab/brickyard/datasets_downloaded/refgenomes_fasta/fasta/vgp/fasta/GCA_964417175.1.fa.gz,bLarArg3.hap1.1,Larus argentatus,VGP,GCA_964417175.1,bLarArg3.hap1.1
/project/shefflab/brickyard/datasets_downloaded/refgenomes_fasta/fasta/vgp/fasta/GCA_964199755.1.fa.gz,bLarMic1.1,Larus michahellis,VGP,GCA_964199755.1,bLarMic1.1
/project/shefflab/brickyard/datasets_downloaded/refgenomes_fasta/fasta/vgp/fasta/GCA_031216445.1.fa.gz,YSFRI_Lmacu_1.1,Lateolabrax maculatus,VGP,GCA_031216445.1,YSFRI_Lmacu_1.1
/project/shefflab/brickyard/datasets_downloaded/refgenomes_fasta/fasta/vgp/fasta/GCF_037157495.1.fa.gz,bLatDis1.hap1,Lathamus discolor,VGP,GCF_037157495.1,bLatDis1.hap1
/project/shefflab/brickyard/datasets_downloaded/refgenomes_fasta/fasta/vgp/fasta/GCF_037176945.1.fa.gz,fLatCha1.pri,Latimeria chalumnae,VGP,GCF_037176945.1,fLatCha1.pri
/project/shefflab/brickyard/datasets_downloaded/refgenomes_fasta/fasta/vgp/fasta/GCF_020740605.2.fa.gz,mLemCat1.pri,Lemur catta,VGP,GCF_020740605.2,mLemCat1.pri
/project/shefflab/brickyard/datasets_downloaded/refgenomes_fasta/fasta/vgp/fasta/GCA_965140285.1.fa.gz,rLepKem1.hap1,Lepidochelys kempii,VGP,GCA_965140285.1,rLepKem1.hap1
/project/shefflab/brickyard/datasets_downloaded/refgenomes_fasta/fasta/vgp/fasta/GCA_965140295.1.fa.gz,rLepOli2.hap1,Lepidochelys olivacea,VGP,GCA_965140295.1,rLepOli2.hap1
/project/shefflab/brickyard/datasets_downloaded/refgenomes_fasta/fasta/vgp/fasta/GCA_049190665.1.fa.gz,fLepSal2.hap1,Lepidogalaxias salamandroides,VGP,GCA_049190665.1,fLepSal2.hap1
/project/shefflab/brickyard/datasets_downloaded/refgenomes_fasta/fasta/vgp/fasta/GCF_040954835.1.fa.gz,fLepOcu1.hap2,Lepisosteus oculatus,VGP,GCF_040954835.1,fLepOcu1.hap2
/project/shefflab/brickyard/datasets_downloaded/refgenomes_fasta/fasta/vgp/fasta/GCA_031893055.1.fa.gz,aLepFus1.hap2,Leptodactylus fuscus,VGP,GCA_031893055.1,aLepFus1.hap2
/project/shefflab/brickyard/datasets_downloaded/refgenomes_fasta/fasta/vgp/fasta/GCA_034619465.1.fa.gz,bLepDis1.hap2,Leptosomus discolor,VGP,GCA_034619465.1,bLepDis1.hap2
/project/shefflab/brickyard/datasets_downloaded/refgenomes_fasta/fasta/vgp/fasta/GCA_045362495.1.fa.gz,fLetNeb1.hap1,Lethrinus nebulosus,VGP,GCA_045362495.1,fLetNeb1.hap1
/project/shefflab/brickyard/datasets_downloaded/refgenomes_fasta/fasta/vgp/fasta/GCA_965113295.1.fa.gz,fLeuLeu2.hap1.1,Leuciscus leuciscus,VGP,GCA_965113295.1,fLeuLeu2.hap1.1
/project/shefflab/brickyard/datasets_downloaded/refgenomes_fasta/fasta/vgp/fasta/GCA_964270905.1.fa.gz,mLagAcu1.hap1.1,Leucopleurus acutus,VGP,GCA_964270905.1,mLagAcu1.hap1.1
/project/shefflab/brickyard/datasets_downloaded/refgenomes_fasta/fasta/vgp/fasta/GCA_030867105.1.fa.gz,rLiaOli1.hap1,Liasis olivaceus,VGP,GCA_030867105.1,rLiaOli1.hap1
/project/shefflab/brickyard/datasets_downloaded/refgenomes_fasta/fasta/vgp/fasta/GCF_963576545.1.fa.gz,fLimLim1.1,Limanda limanda,VGP,GCF_963576545.1,fLimLim1.1
/project/shefflab/brickyard/datasets_downloaded/refgenomes_fasta/fasta/vgp/fasta/GCA_963383615.1.fa.gz,fLipPho2.1,Lipophrys pholis,VGP,GCA_963383615.1,fLipPho2.1
/project/shefflab/brickyard/datasets_downloaded/refgenomes_fasta/fasta/vgp/fasta/GCA_964261635.1.fa.gz,aLisHel1.1,Lissotriton helveticus,VGP,GCA_964261635.1,aLisHel1.1
/project/shefflab/brickyard/datasets_downloaded/refgenomes_fasta/fasta/vgp/fasta/GCA_964263255.1.fa.gz,aLisVul1.1,Lissotriton vulgaris,VGP,GCA_964263255.1,aLisVul1.1
/project/shefflab/brickyard/datasets_downloaded/refgenomes_fasta/fasta/vgp/fasta/GCA_046129695.1.fa.gz,bLonStr1.mat,Lonchura striata,VGP,GCA_046129695.1,bLonStr1.mat
/project/shefflab/brickyard/datasets_downloaded/refgenomes_fasta/fasta/vgp/fasta/GCF_030014295.1.fa.gz,mLoxAfr1.hap2,Loxodonta africana,VGP,GCF_030014295.1,mLoxAfr1.hap2
/project/shefflab/brickyard/datasets_downloaded/refgenomes_fasta/fasta/vgp/fasta/GCF_902655055.1.fa.gz,mLutLut1.2,Lutra lutra,VGP,GCF_902655055.1,mLutLut1.2
/project/shefflab/brickyard/datasets_downloaded/refgenomes_fasta/fasta/vgp/fasta/GCA_040955705.1.fa.gz,LycPic1.final.hap2,Lycaon pictus,VGP,GCA_040955705.1,LycPic1.final.hap2
/project/shefflab/brickyard/datasets_downloaded/refgenomes_fasta/fasta/vgp/fasta/GCF_007474595.2.fa.gz,mLynCan4.pri.v2,Lynx canadensis,VGP,GCF_007474595.2,mLynCan4.pri.v2
/project/shefflab/brickyard/datasets_downloaded/refgenomes_fasta/fasta/vgp/fasta/GCF_043159975.1.fa.gz,mMacNem.hap1,Macaca nemestrina,VGP,GCF_043159975.1,mMacNem.hap1
/project/shefflab/brickyard/datasets_downloaded/refgenomes_fasta/fasta/vgp/fasta/GCA_033349115.1.fa.gz,rMacSuw1.hap2,Macrochelys suwanniensis,VGP,GCA_033349115.1,rMacSuw1.hap2
/project/shefflab/brickyard/datasets_downloaded/refgenomes_fasta/fasta/vgp/fasta/GCA_037893015.1.fa.gz,bilby.v1.9.chrom.fasta,Macrotis lagotis,VGP,GCA_037893015.1,bilby.v1.9.chrom.fasta
/project/shefflab/brickyard/datasets_downloaded/refgenomes_fasta/fasta/vgp/fasta/GCF_027887155.1.fa.gz,rMalTer1.hap1,Malaclemys terrapin pileata,VGP,GCF_027887155.1,rMalTer1.hap1
/project/shefflab/brickyard/datasets_downloaded/refgenomes_fasta/fasta/vgp/fasta/GCF_030020395.1.fa.gz,mManPen7.hap1,Manis pentadactyla,VGP,GCF_030020395.1,mManPen7.hap1
/project/shefflab/brickyard/datasets_downloaded/refgenomes_fasta/fasta/vgp/fasta/GCA_048565345.1.fa.gz,aManAur1.hap1,Mantella aurantiaca,VGP,GCA_048565345.1,aManAur1.hap1
/project/shefflab/brickyard/datasets_downloaded/refgenomes_fasta/fasta/vgp/fasta/GCF_047511675.1.fa.gz,mMarFla1.hap1,Marmota flaviventris,VGP,GCF_047511675.1,mMarFla1.hap1
/project/shefflab/brickyard/datasets_downloaded/refgenomes_fasta/fasta/vgp/fasta/GCA_963455335.1.fa.gz,mMarMar1.1,Martes martes,VGP,GCA_963455335.1,mMarMar1.1
/project/shefflab/brickyard/datasets_downloaded/refgenomes_fasta/fasta/vgp/fasta/GCA_900324485.3.fa.gz,fMasArm1.3,Mastacembelus armatus,VGP,GCA_900324485.3,fMasArm1.3
/project/shefflab/brickyard/datasets_downloaded/refgenomes_fasta/fasta/vgp/fasta/GCA_043880595.1.fa.gz,ASM4388059v1,Megaderma spasma,VGP,GCA_043880595.1,ASM4388059v1
/project/shefflab/brickyard/datasets_downloaded/refgenomes_fasta/fasta/vgp/fasta/GCF_013368585.1.fa.gz,fMegCyp1.pri,Megalops cyprinoides,VGP,GCF_013368585.1,fMegCyp1.pri
/project/shefflab/brickyard/datasets_downloaded/refgenomes_fasta/fasta/vgp/fasta/GCA_041834305.1.fa.gz,ASM4183430v1,Megaptera novaeangliae,VGP,GCA_041834305.1,ASM4183430v1
/project/shefflab/brickyard/datasets_downloaded/refgenomes_fasta/fasta/vgp/fasta/GCF_017639745.1.fa.gz,fMelBoe1.pri,Melanotaenia boesemani,VGP,GCF_017639745.1,fMelBoe1.pri
/project/shefflab/brickyard/datasets_downloaded/refgenomes_fasta/fasta/vgp/fasta/GCF_922984935.1.fa.gz,mMelMel3.1 paternal haplotype,Meles meles,VGP,GCF_922984935.1,mMelMel3.1 paternal haplotype
/project/shefflab/brickyard/datasets_downloaded/refgenomes_fasta/fasta/vgp/fasta/GCF_012275295.1.fa.gz,bMelUnd1.mat.Z,Melopsittacus undulatus,VGP,GCF_012275295.1,bMelUnd1.mat.Z
/project/shefflab/brickyard/datasets_downloaded/refgenomes_fasta/fasta/vgp/fasta/GCF_028018845.1.fa.gz,bMelGeo1.pri,Melospiza georgiana,VGP,GCF_028018845.1,bMelGeo1.pri
/project/shefflab/brickyard/datasets_downloaded/refgenomes_fasta/fasta/vgp/fasta/GCF_035770615.1.fa.gz,bMelMel2.pri,Melospiza melodia melodia,VGP,GCF_035770615.1,bMelMel2.pri
/project/shefflab/brickyard/datasets_downloaded/refgenomes_fasta/fasta/vgp/fasta/GCA_048628825.1.fa.gz,ASM4862882v1,Menidia menidia,VGP,GCA_048628825.1,ASM4862882v1
/project/shefflab/brickyard/datasets_downloaded/refgenomes_fasta/fasta/vgp/fasta/GCA_036873955.1.fa.gz,bMerOct1.hap1,Mergus octosetaceus,VGP,GCA_036873955.1,bMerOct1.hap1
/project/shefflab/brickyard/datasets_downloaded/refgenomes_fasta/fasta/vgp/fasta/GCA_009819595.1.fa.gz,bMerNub1.pri,Merops nubicus,VGP,GCA_009819595.1,bMerNub1.pri
/project/shefflab/brickyard/datasets_downloaded/refgenomes_fasta/fasta/vgp/fasta/GCA_964165515.1.fa.gz,mMesBid2.hap1.1,Mesoplodon bidens,VGP,GCA_964165515.1,mMesBid2.hap1.1
/project/shefflab/brickyard/datasets_downloaded/refgenomes_fasta/fasta/vgp/fasta/GCF_025265405.1.fa.gz,mMesDen1 primary haplotype,Mesoplodon densirostris,VGP,GCF_025265405.1,mMesDen1 primary haplotype
/project/shefflab/brickyard/datasets_downloaded/refgenomes_fasta/fasta/vgp/fasta/GCA_964341445.1.fa.gz,mMesMir1.hap1.1,Mesoplodon mirus,VGP,GCA_964341445.1,mMesMir1.hap1.1
/project/shefflab/brickyard/datasets_downloaded/refgenomes_fasta/fasta/vgp/fasta/GCA_901765095.2.fa.gz,aMicUni1.2,Microcaecilia unicolor,VGP,GCA_901765095.2,aMicUni1.2
/project/shefflab/brickyard/datasets_downloaded/refgenomes_fasta/fasta/vgp/fasta/GCA_963457635.1.fa.gz,fMicVar1.1,Microchirus variegatus,VGP,GCA_963457635.1,fMicVar1.1
/project/shefflab/brickyard/datasets_downloaded/refgenomes_fasta/fasta/vgp/fasta/GCA_964030765.1.fa.gz,fMicPou1.1,Micromesistius poutassou,VGP,GCA_964030765.1,fMicPou1.1
/project/shefflab/brickyard/datasets_downloaded/refgenomes_fasta/fasta/vgp/fasta/GCA_963924665.1.fa.gz,mMicMin1.1,Micromys minutus,VGP,GCA_963924665.1,mMicMin1.1
/project/shefflab/brickyard/datasets_downloaded/refgenomes_fasta/fasta/vgp/fasta/GCA_019677235.1.fa.gz,HNU_Msal_1.0,Micropterus salmoides,VGP,GCA_019677235.1,HNU_Msal_1.0
/project/shefflab/brickyard/datasets_downloaded/refgenomes_fasta/fasta/vgp/fasta/GCA_964266715.1.fa.gz,fMicKit1.1,Microstomus kitt,VGP,GCA_964266715.1,fMicKit1.1
/project/shefflab/brickyard/datasets_downloaded/refgenomes_fasta/fasta/vgp/fasta/GCA_037038515.1.fa.gz,mMicPen1.hap1,Microtus pennsylvanicus,VGP,GCA_037038515.1,mMicPen1.hap1
/project/shefflab/brickyard/datasets_downloaded/refgenomes_fasta/fasta/vgp/fasta/GCA_964146895.2.fa.gz,mMinSch1.hap1.2,Miniopterus schreibersii,VGP,GCA_964146895.2,mMinSch1.hap1.2
/project/shefflab/brickyard/datasets_downloaded/refgenomes_fasta/fasta/vgp/fasta/GCA_038048845.1.fa.gz,aMixFle1.hap1,Mixophyes fleayi,VGP,GCA_038048845.1,aMixFle1.hap1
/project/shefflab/brickyard/datasets_downloaded/refgenomes_fasta/fasta/vgp/fasta/GCF_030028105.1.fa.gz,sMobBir1.hap1,Mobula birostris,VGP,GCF_030028105.1,sMobBir1.hap1
/project/shefflab/brickyard/datasets_downloaded/refgenomes_fasta/fasta/vgp/fasta/GCA_031001765.1.fa.gz,BBF_mMolAlv_v1,Molossus alvarezi,VGP,GCA_031001765.1,BBF_mMolAlv_v1
/project/shefflab/brickyard/datasets_downloaded/refgenomes_fasta/fasta/vgp/fasta/GCA_037157525.1.fa.gz,mMolAlv2.hap1,Molossus alvarezi,VGP,GCA_037157525.1,mMolAlv2.hap1
/project/shefflab/brickyard/datasets_downloaded/refgenomes_fasta/fasta/vgp/fasta/GCF_014108415.1.fa.gz,mMolMol1.p,Molossus molossus,VGP,GCF_014108415.1,mMolMol1.p
/project/shefflab/brickyard/datasets_downloaded/refgenomes_fasta/fasta/vgp/fasta/GCA_039880945.1.fa.gz,mMolNig1.hap1,Molossus nigricans,VGP,GCA_039880945.1,mMolNig1.hap1
/project/shefflab/brickyard/datasets_downloaded/refgenomes_fasta/fasta/vgp/fasta/GCF_027887165.1.fa.gz,mMonDom1.pri,Monodelphis domestica,VGP,GCF_027887165.1,mMonDom1.pri
/project/shefflab/brickyard/datasets_downloaded/refgenomes_fasta/fasta/vgp/fasta/GCA_043748645.1.fa.gz,ASM4374864v1,Mops condylurus,VGP,GCA_043748645.1,ASM4374864v1
/project/shefflab/brickyard/datasets_downloaded/refgenomes_fasta/fasta/vgp/fasta/GCA_045345515.1.fa.gz,bMorGui1 haplotype 2,Morphnus guianensis,VGP,GCA_045345515.1,bMorGui1 haplotype 2
/project/shefflab/brickyard/datasets_downloaded/refgenomes_fasta/fasta/vgp/fasta/GCA_031468815.1.fa.gz,bMorBas2.hap2,Morus bassanus,VGP,GCA_031468815.1,bMorBas2.hap2
/project/shefflab/brickyard/datasets_downloaded/refgenomes_fasta/fasta/vgp/fasta/GCF_963930625.1.fa.gz,mMunRee1.1,Muntiacus reevesi,VGP,GCF_963930625.1,mMunRee1.1
/project/shefflab/brickyard/datasets_downloaded/refgenomes_fasta/fasta/vgp/fasta/GCA_963383645.1.fa.gz,mMusAve1.1,Muscardinus avellanarius,VGP,GCA_963383645.1,mMusAve1.1
/project/shefflab/brickyard/datasets_downloaded/refgenomes_fasta/fasta/vgp/fasta/GCF_009829155.1.fa.gz,mMusErm1.Pri,Mustela erminea,VGP,GCF_009829155.1,mMusErm1.Pri
/project/shefflab/brickyard/datasets_downloaded/refgenomes_fasta/fasta/vgp/fasta/GCF_030435805.1.fa.gz,mMusLut2.pri,Mustela lutreola,VGP,GCF_030435805.1,mMusLut2.pri
/project/shefflab/brickyard/datasets_downloaded/refgenomes_fasta/fasta/vgp/fasta/GCA_964662115.1.fa.gz,mMusNiv2.hap1.1,Mustela nivalis,VGP,GCA_964662115.1,mMusNiv2.hap1.1
/project/shefflab/brickyard/datasets_downloaded/refgenomes_fasta/fasta/vgp/fasta/GCA_964213995.1.fa.gz,sMusAst1.hap1.1,Mustelus asterias,VGP,GCA_964213995.1,sMusAst1.hap1.1
/project/shefflab/brickyard/datasets_downloaded/refgenomes_fasta/fasta/vgp/fasta/GCF_963259705.1.fa.gz,mMyoDau2.1,Myotis daubentonii,VGP,GCF_963259705.1,mMyoDau2.1
/project/shefflab/brickyard/datasets_downloaded/refgenomes_fasta/fasta/vgp/fasta/GCF_014108235.1.fa.gz,mMyoMyo1.p,Myotis myotis,VGP,GCF_014108235.1,mMyoMyo1.p
/project/shefflab/brickyard/datasets_downloaded/refgenomes_fasta/fasta/vgp/fasta/GCA_964212035.2.fa.gz,mMyoNat1.hap1.2,Myotis nattereri,VGP,GCA_964212035.2,mMyoNat1.hap1.2
/project/shefflab/brickyard/datasets_downloaded/refgenomes_fasta/fasta/vgp/fasta/GCF_902150065.1.fa.gz,fMyrMur1.1,Myripristis murdjan,VGP,GCF_902150065.1,fMyrMur1.1
/project/shefflab/brickyard/datasets_downloaded/refgenomes_fasta/fasta/vgp/fasta/GCA_040894355.2.fa.gz,rMyuGeo1.pri,Myuchelys georgesi,VGP,GCA_040894355.2,rMyuGeo1.pri
/project/shefflab/brickyard/datasets_downloaded/refgenomes_fasta/fasta/vgp/fasta/GCA_964187855.1.fa.gz,kmMyxGlut1.1,Myxine glutinosa,VGP,GCA_964187855.1,kmMyxGlut1.1
/project/shefflab/brickyard/datasets_downloaded/refgenomes_fasta/fasta/vgp/fasta/GCA_963921795.1.fa.gz,fNanAch1.1,Nannobrachium achirus,VGP,GCA_963921795.1,fNanAch1.1
/project/shefflab/brickyard/datasets_downloaded/refgenomes_fasta/fasta/vgp/fasta/GCA_963989245.1.fa.gz,fNanAnt1.1,Nansenia antarctica,VGP,GCA_963989245.1,fNanAnt1.1
/project/shefflab/brickyard/datasets_downloaded/refgenomes_fasta/fasta/vgp/fasta/GCA_036971175.1.fa.gz,sNarBan1.hap2,Narcine bancroftii,VGP,GCA_036971175.1,sNarBan1.hap2
/project/shefflab/brickyard/datasets_downloaded/refgenomes_fasta/fasta/vgp/fasta/GCF_036971445.1.fa.gz,sNarBan1.hap1,Narcine bancroftii,VGP,GCF_036971445.1,sNarBan1.hap1
/project/shefflab/brickyard/datasets_downloaded/refgenomes_fasta/fasta/vgp/fasta/GCA_965152275.1.fa.gz,rNatDep2.hap1,Natator depressus,VGP,GCA_965152275.1,rNatDep2.hap1
/project/shefflab/brickyard/datasets_downloaded/refgenomes_fasta/fasta/vgp/fasta/GCA_964273705.1.fa.gz,rNatHel1.hap1.1,Natrix helvetica,VGP,GCA_964273705.1,rNatHel1.hap1.1
/project/shefflab/brickyard/datasets_downloaded/refgenomes_fasta/fasta/vgp/fasta/GCF_027579695.1.fa.gz,fNeoGra1.pri,Neoarius graeffei,VGP,GCF_027579695.1,fNeoGra1.pri
/project/shefflab/brickyard/datasets_downloaded/refgenomes_fasta/fasta/vgp/fasta/GCF_028018385.1.fa.gz,mNeoNeb1.pri,Neofelis nebulosa,VGP,GCF_028018385.1,mNeoNeb1.pri
/project/shefflab/brickyard/datasets_downloaded/refgenomes_fasta/fasta/vgp/fasta/GCA_964106545.1.fa.gz,mNeoVis2.hap1.1,Neogale vison,VGP,GCA_964106545.1,mNeoVis2.hap1.1
/project/shefflab/brickyard/datasets_downloaded/refgenomes_fasta/fasta/vgp/fasta/GCA_044231665.1.fa.gz,SynOce1_v1.hap1,Neosynchiropus ocellatus,VGP,GCA_044231665.1,SynOce1_v1.hap1
/project/shefflab/brickyard/datasets_downloaded/refgenomes_fasta/fasta/vgp/fasta/GCA_963082525.1.fa.gz,bNesMay2.1,Nesoenas mayeri,VGP,GCA_963082525.1,bNesMay2.1
/project/shefflab/brickyard/datasets_downloaded/refgenomes_fasta/fasta/vgp/fasta/GCA_964035555.1.fa.gz,bNetRuf1.1,Netta rufina,VGP,GCA_964035555.1,bNetRuf1.1
/project/shefflab/brickyard/datasets_downloaded/refgenomes_fasta/fasta/vgp/fasta/GCF_028372415.1.fa.gz,mMacEug1.pri_v2,Notamacropus eugenii,VGP,GCF_028372415.1,mMacEug1.pri_v2
/project/shefflab/brickyard/datasets_downloaded/refgenomes_fasta/fasta/vgp/fasta/GCF_009762535.1.fa.gz,fNotCel1.pri,Notolabrus celidotus,VGP,GCF_009762535.1,fNotCel1.pri
/project/shefflab/brickyard/datasets_downloaded/refgenomes_fasta/fasta/vgp/fasta/GCA_963971535.1.fa.gz,fNotCoa1.1,Notolepis coatsorum,VGP,GCA_963971535.1,fNotCoa1.1
/project/shefflab/brickyard/datasets_downloaded/refgenomes_fasta/fasta/vgp/fasta/GCA_964106895.1.fa.gz,bNumArq3.hap1.1,Numenius arquata,VGP,GCA_964106895.1,bNumArq3.hap1.1
/project/shefflab/brickyard/datasets_downloaded/refgenomes_fasta/fasta/vgp/fasta/GCA_964264875.2.fa.gz,mNycLei1.hap1.2,Nyctalus leisleri,VGP,GCA_964264875.2,mNycLei1.hap1.2
/project/shefflab/brickyard/datasets_downloaded/refgenomes_fasta/fasta/vgp/fasta/GCF_013368605.1.fa.gz,bNycGra1.pri,Nyctibius grandis,VGP,GCF_013368605.1,bNycGra1.pri
/project/shefflab/brickyard/datasets_downloaded/refgenomes_fasta/fasta/vgp/fasta/GCF_027406575.1.fa.gz,mNycCou1.pri,Nycticebus coucang,VGP,GCF_027406575.1,mNycCou1.pri
/project/shefflab/brickyard/datasets_downloaded/refgenomes_fasta/fasta/vgp/fasta/GCF_030435755.1.fa.gz,mOchPri1.hap1,Ochotona princeps,VGP,GCF_030435755.1,mOchPri1.hap1
/project/shefflab/brickyard/datasets_downloaded/refgenomes_fasta/fasta/vgp/fasta/GCF_029582105.1.fa.gz,OMel1.0,Oenanthe melanoleuca,VGP,GCF_029582105.1,OMel1.0
/project/shefflab/brickyard/datasets_downloaded/refgenomes_fasta/fasta/vgp/fasta/GCF_903995425.1.fa.gz,mOncTor1.1,Onychomys torridus,VGP,GCF_903995425.1,mOncTor1.1
/project/shefflab/brickyard/datasets_downloaded/refgenomes_fasta/fasta/vgp/fasta/GCF_937001465.1.fa.gz,mOrcOrc1.1,Orcinus orca,VGP,GCF_937001465.1,mOrcOrc1.1
/project/shefflab/brickyard/datasets_downloaded/refgenomes_fasta/fasta/vgp/fasta/GCF_004115215.2.fa.gz,mOrnAna1.pri.v4,Ornithorhynchus anatinus,VGP,GCF_004115215.2,mOrnAna1.pri.v4
/project/shefflab/brickyard/datasets_downloaded/refgenomes_fasta/fasta/vgp/fasta/GCF_964237555.1.fa.gz,mOryCun1.1,Oryctolagus cuniculus,VGP,GCF_964237555.1,mOryCun1.1
/project/shefflab/brickyard/datasets_downloaded/refgenomes_fasta/fasta/vgp/fasta/GCF_963692335.1.fa.gz,fOsmEpe2.1,Osmerus eperlanus,VGP,GCF_963692335.1,fOsmEpe2.1
/project/shefflab/brickyard/datasets_downloaded/refgenomes_fasta/fasta/vgp/fasta/GCA_038355195.1.fa.gz,fOsmMor3.pri,Osmerus mordax,VGP,GCA_038355195.1,fOsmMor3.pri
/project/shefflab/brickyard/datasets_downloaded/refgenomes_fasta/fasta/vgp/fasta/GCA_040805955.1.fa.gz,T2T-sheep1.0,Ovis aries,VGP,GCA_040805955.1,T2T-sheep1.0
/project/shefflab/brickyard/datasets_downloaded/refgenomes_fasta/fasta/vgp/fasta/GCF_042477335.2.fa.gz,ARS-UI_OviCan_v2,Ovis canadensis,VGP,GCF_042477335.2,ARS-UI_OviCan_v2
/project/shefflab/brickyard/datasets_downloaded/refgenomes_fasta/fasta/vgp/fasta/GCA_965226575.1.fa.gz,fPagPag1.hap1.1,Pagrus pagrus,VGP,GCA_965226575.1,fPagPag1.hap1.1
/project/shefflab/brickyard/datasets_downloaded/refgenomes_fasta/fasta/vgp/fasta/GCF_029289425.2.fa.gz,NHGRI_mPanPan1-v2.1_pri,Pan paniscus,VGP,GCF_029289425.2,NHGRI_mPanPan1-v2.1_pri
/project/shefflab/brickyard/datasets_downloaded/refgenomes_fasta/fasta/vgp/fasta/GCF_028858775.2.fa.gz,NHGRI_mPanTro3-v2.1_pri,Pan troglodytes,VGP,GCF_028858775.2,NHGRI_mPanTro3-v2.1_pri
/project/shefflab/brickyard/datasets_downloaded/refgenomes_fasta/fasta/vgp/fasta/GCF_027358585.1.fa.gz,fPanHyp1.pri,Pangasianodon hypophthalmus,VGP,GCF_027358585.1,fPanHyp1.pri
/project/shefflab/brickyard/datasets_downloaded/refgenomes_fasta/fasta/vgp/fasta/GCA_045781085.1.fa.gz,rPanTec1.hap2,Pangshura tecta,VGP,GCA_045781085.1,rPanTec1.hap2
/project/shefflab/brickyard/datasets_downloaded/refgenomes_fasta/fasta/vgp/fasta/GCA_900634625.2.fa.gz,fParRan2.2,Parambassis ranga,VGP,GCA_900634625.2,fParRan2.2
/project/shefflab/brickyard/datasets_downloaded/refgenomes_fasta/fasta/vgp/fasta/GCF_905163445.1.fa.gz,ilParAegt1.1,Pararge aegeria,VGP,GCF_905163445.1,ilParAegt1.1
/project/shefflab/brickyard/datasets_downloaded/refgenomes_fasta/fasta/vgp/fasta/GCF_036417665.1.fa.gz,bPasDom1.hap1,Passer domesticus,VGP,GCF_036417665.1,bPasDom1.hap1
/project/shefflab/brickyard/datasets_downloaded/refgenomes_fasta/fasta/vgp/fasta/GCA_031885435.1.fa.gz,bPasSan2.pri,Passerculus sandwichensis,VGP,GCA_031885435.1,bPasSan2.pri
/project/shefflab/brickyard/datasets_downloaded/refgenomes_fasta/fasta/vgp/fasta/GCF_037038585.1.fa.gz,bPatFas1.hap1,Patagioenas fasciata,VGP,GCF_037038585.1,bPatFas1.hap1
/project/shefflab/brickyard/datasets_downloaded/refgenomes_fasta/fasta/vgp/fasta/GCF_902652985.1.fa.gz,xPecMax1.1,Pecten maximus,VGP,GCF_902652985.1,xPecMax1.1
/project/shefflab/brickyard/datasets_downloaded/refgenomes_fasta/fasta/vgp/fasta/GCF_036172605.1.fa.gz,aPelFus1.pri,Pelobates fuscus,VGP,GCF_036172605.1,aPelFus1.pri
/project/shefflab/brickyard/datasets_downloaded/refgenomes_fasta/fasta/vgp/fasta/GCA_036172795.1.fa.gz,aPelIbe1.pri,Pelodytes ibericus,VGP,GCA_036172795.1,aPelIbe1.pri
/project/shefflab/brickyard/datasets_downloaded/refgenomes_fasta/fasta/vgp/fasta/GCA_965119305.1.fa.gz,aPelLes1.hap1.1,Pelophylax lessonae,VGP,GCA_965119305.1,aPelLes1.hap1.1
/project/shefflab/brickyard/datasets_downloaded/refgenomes_fasta/fasta/vgp/fasta/GCF_042242105.1.fa.gz,fPemKlu1.hap1,Pempheris klunzingeri,VGP,GCF_042242105.1,fPemKlu1.hap1
/project/shefflab/brickyard/datasets_downloaded/refgenomes_fasta/fasta/vgp/fasta/GCF_009829125.3.fa.gz,fPerMag1.2.pri,Periophthalmus magnuspinnatus,VGP,GCF_009829125.3,fPerMag1.2.pri
/project/shefflab/brickyard/datasets_downloaded/refgenomes_fasta/fasta/vgp/fasta/GCA_048934315.1.fa.gz,UKy_Petmar_22M1.pri1.0,Petromyzon marinus,VGP,GCA_048934315.1,UKy_Petmar_22M1.pri1.0
/project/shefflab/brickyard/datasets_downloaded/refgenomes_fasta/fasta/vgp/fasta/GCA_964289735.1.fa.gz,bPhaAeh10.maternal.1,Phaethon aethereus,VGP,GCA_964289735.1,bPhaAeh10.maternal.1
/project/shefflab/brickyard/datasets_downloaded/refgenomes_fasta/fasta/vgp/fasta/GCA_023637945.2.fa.gz,bPhaSup1.pri,Phaethornis superciliosus,VGP,GCA_023637945.2,bPhaSup1.pri
/project/shefflab/brickyard/datasets_downloaded/refgenomes_fasta/fasta/vgp/fasta/GCF_963921805.1.fa.gz,bPhaCar2.1,Phalacrocorax carbo,VGP,GCF_963921805.1,bPhaCar2.1
/project/shefflab/brickyard/datasets_downloaded/refgenomes_fasta/fasta/vgp/fasta/GCF_963924675.1.fa.gz,mPhoPho1.1,Phocoena phocoena,VGP,GCF_963924675.1,mPhoPho1.1
/project/shefflab/brickyard/datasets_downloaded/refgenomes_fasta/fasta/vgp/fasta/GCF_008692025.1.fa.gz,mPhoSin1.pri,Phocoena sinus,VGP,GCF_008692025.1,mPhoSin1.pri
/project/shefflab/brickyard/datasets_downloaded/refgenomes_fasta/fasta/vgp/fasta/GCA_009819775.1.fa.gz,bPhoRub2.pri,Phoenicopterus ruber ruber,VGP,GCA_009819775.1,bPhoRub2.pri
/project/shefflab/brickyard/datasets_downloaded/refgenomes_fasta/fasta/vgp/fasta/GCA_020510985.1.fa.gz,fPhoLeu1.pri,Pholidichthys leucotaenia,VGP,GCA_020510985.1,fPhoLeu1.pri
/project/shefflab/brickyard/datasets_downloaded/refgenomes_fasta/fasta/vgp/fasta/GCA_910591455.2.fa.gz,fPhoGun1.2,Pholis gunnellus,VGP,GCA_910591455.2,fPhoGun1.2
/project/shefflab/brickyard/datasets_downloaded/refgenomes_fasta/fasta/vgp/fasta/GCF_004126475.2.fa.gz,mPhyDis1.pri.v3,Phyllostomus discolor,VGP,GCF_004126475.2,mPhyDis1.pri.v3
/project/shefflab/brickyard/datasets_downloaded/refgenomes_fasta/fasta/vgp/fasta/GCF_014108245.1.fa.gz,mPipKuh1.p,Pipistrellus kuhlii,VGP,GCF_014108245.1,mPipKuh1.p
/project/shefflab/brickyard/datasets_downloaded/refgenomes_fasta/fasta/vgp/fasta/GCA_903992545.1.fa.gz,mPipPip1.1,Pipistrellus pipistrellus,VGP,GCA_903992545.1,mPipPip1.1
/project/shefflab/brickyard/datasets_downloaded/refgenomes_fasta/fasta/vgp/fasta/GCA_965183815.1.fa.gz,bPlaLeu2.hap1.1,Platalea leucorodia,VGP,GCA_965183815.1,bPlaLeu2.hap1.1
/project/shefflab/brickyard/datasets_downloaded/refgenomes_fasta/fasta/vgp/fasta/GCF_949316205.1.fa.gz,fPlaFle2.1,Platichthys flesus,VGP,GCF_949316205.1,fPlaFle2.1
/project/shefflab/brickyard/datasets_downloaded/refgenomes_fasta/fasta/vgp/fasta/GCA_963455305.1.fa.gz,mPleAur1.1,Plecotus auritus,VGP,GCA_963455305.1,mPleAur1.1
/project/shefflab/brickyard/datasets_downloaded/refgenomes_fasta/fasta/vgp/fasta/GCF_947347685.1.fa.gz,fPlePla1.1,Pleuronectes platessa,VGP,GCF_947347685.1,fPlePla1.1
/project/shefflab/brickyard/datasets_downloaded/refgenomes_fasta/fasta/vgp/fasta/GCA_017639485.1.fa.gz,bPluApr1.pri,Pluvialis apricaria,VGP,GCA_017639485.1,bPluApr1.pri
/project/shefflab/brickyard/datasets_downloaded/refgenomes_fasta/fasta/vgp/fasta/GCA_964188305.1.fa.gz,rPodBoc1.hap1.1,Podarcis bocagei,VGP,GCA_964188305.1,rPodBoc1.hap1.1
/project/shefflab/brickyard/datasets_downloaded/refgenomes_fasta/fasta/vgp/fasta/GCA_951804945.1.fa.gz,rPodCre2.1,Podarcis cretensis,VGP,GCA_951804945.1,rPodCre2.1
/project/shefflab/brickyard/datasets_downloaded/refgenomes_fasta/fasta/vgp/fasta/GCA_964252035.1.fa.gz,rPodErh1.hap1.1,Podarcis erhardii,VGP,GCA_964252035.1,rPodErh1.hap1.1
/project/shefflab/brickyard/datasets_downloaded/refgenomes_fasta/fasta/vgp/fasta/GCA_964270895.1.fa.gz,rPodFil1.hap1.1,Podarcis filfolensis,VGP,GCA_964270895.1,rPodFil1.hap1.1
/project/shefflab/brickyard/datasets_downloaded/refgenomes_fasta/fasta/vgp/fasta/GCA_964106915.2.fa.gz,rPodGai1.hap1.2,Podarcis gaigeae,VGP,GCA_964106915.2,rPodGai1.hap1.2
/project/shefflab/brickyard/datasets_downloaded/refgenomes_fasta/fasta/vgp/fasta/GCA_965112155.1.fa.gz,rPodLio1.hap1.1,Podarcis liolepis,VGP,GCA_965112155.1,rPodLio1.hap1.1
/project/shefflab/brickyard/datasets_downloaded/refgenomes_fasta/fasta/vgp/fasta/GCA_964234715.1.fa.gz,rPodMel1.hap1.1,Podarcis melisellensis,VGP,GCA_964234715.1,rPodMel1.hap1.1
/project/shefflab/brickyard/datasets_downloaded/refgenomes_fasta/fasta/vgp/fasta/GCA_964188315.1.fa.gz,rPodMur119.hap1.1,Podarcis muralis,VGP,GCA_964188315.1,rPodMur119.hap1.1
/project/shefflab/brickyard/datasets_downloaded/refgenomes_fasta/fasta/vgp/fasta/GCA_964106645.2.fa.gz,rPodPit1.hap1.2,Podarcis pityusensis,VGP,GCA_964106645.2,rPodPit1.hap1.2
/project/shefflab/brickyard/datasets_downloaded/refgenomes_fasta/fasta/vgp/fasta/GCF_027172205.1.fa.gz,rPodRaf1.pri,Podarcis raffonei,VGP,GCF_027172205.1,rPodRaf1.pri
/project/shefflab/brickyard/datasets_downloaded/refgenomes_fasta/fasta/vgp/fasta/GCA_964188175.1.fa.gz,rPodSic1.hap1.1,Podarcis siculus,VGP,GCA_964188175.1,rPodSic1.hap1.1
/project/shefflab/brickyard/datasets_downloaded/refgenomes_fasta/fasta/vgp/fasta/GCA_965153285.1.fa.gz,rPodTil1.hap1.1,Podarcis tiliguerta,VGP,GCA_965153285.1,rPodTil1.hap1.1
/project/shefflab/brickyard/datasets_downloaded/refgenomes_fasta/fasta/vgp/fasta/GCA_965113315.1.fa.gz,rPodVau1.hap1.1,Podarcis vaucheri,VGP,GCA_965113315.1,rPodVau1.hap1.1
/project/shefflab/brickyard/datasets_downloaded/refgenomes_fasta/fasta/vgp/fasta/GCA_045364815.1.fa.gz,rPodExp1 haplotype 2,Podocnemis expansa,VGP,GCA_045364815.1,rPodExp1 haplotype 2
/project/shefflab/brickyard/datasets_downloaded/refgenomes_fasta/fasta/vgp/fasta/GCF_030490865.1.fa.gz,bPoeAtr1.hap1,Poecile atricapillus,VGP,GCF_030490865.1,bPoeAtr1.hap1
/project/shefflab/brickyard/datasets_downloaded/refgenomes_fasta/fasta/vgp/fasta/GCF_015220805.1.fa.gz,bPogPus1.pri,Pogoniulus pusillus,VGP,GCF_015220805.1,bPogPus1.pri
/project/shefflab/brickyard/datasets_downloaded/refgenomes_fasta/fasta/vgp/fasta/GCA_048537225.1.fa.gz,ASM4853722v1,Polymixia cf. hollisterae,VGP,GCA_048537225.1,ASM4853722v1
/project/shefflab/brickyard/datasets_downloaded/refgenomes_fasta/fasta/vgp/fasta/GCA_047511565.1.fa.gz,fPolLow2.hap1,Polymixia lowei,VGP,GCA_047511565.1,fPolLow2.hap1
/project/shefflab/brickyard/datasets_downloaded/refgenomes_fasta/fasta/vgp/fasta/GCF_028885655.2.fa.gz,NHGRI_mPonAbe1-v2.1_pri,Pongo abelii,VGP,GCF_028885655.2,NHGRI_mPonAbe1-v2.1_pri
/project/shefflab/brickyard/datasets_downloaded/refgenomes_fasta/fasta/vgp/fasta/GCF_028885625.2.fa.gz,NHGRI_mPonPyg2-v2.1_pri,Pongo pygmaeus,VGP,GCF_028885625.2,NHGRI_mPonPyg2-v2.1_pri
/project/shefflab/brickyard/datasets_downloaded/refgenomes_fasta/fasta/vgp/fasta/GCA_964638095.1.fa.gz,fPorCra3.hap1.1,Poromitra crassiceps,VGP,GCA_964638095.1,fPorCra3.hap1.1
/project/shefflab/brickyard/datasets_downloaded/refgenomes_fasta/fasta/vgp/fasta/GCA_020800305.1.fa.gz,bPorHoc1.mat.Z.cur,Porphyrio hochstetteri,VGP,GCA_020800305.1,bPorHoc1.mat.Z.cur
/project/shefflab/brickyard/datasets_downloaded/refgenomes_fasta/fasta/vgp/fasta/GCF_044704955.1.fa.gz,sPriJap1.hap1,Pristiophorus japonicus,VGP,GCF_044704955.1,sPriJap1.hap1
/project/shefflab/brickyard/datasets_downloaded/refgenomes_fasta/fasta/vgp/fasta/GCA_045363895.1.fa.gz,fPriTyp1.hap1,Pristipomoides typus,VGP,GCA_045363895.1,fPriTyp1.hap1
/project/shefflab/brickyard/datasets_downloaded/refgenomes_fasta/fasta/vgp/fasta/GCF_009764475.1.fa.gz,sPriPec2.1.pri,Pristis pectinata,VGP,GCF_009764475.1,sPriPec2.1.pri
/project/shefflab/brickyard/datasets_downloaded/refgenomes_fasta/fasta/vgp/fasta/GCA_963924005.1.fa.gz,fProBol1.1,Protomyctophum bolini,VGP,GCA_963924005.1,fProBol1.1
/project/shefflab/brickyard/datasets_downloaded/refgenomes_fasta/fasta/vgp/fasta/GCA_964188405.1.fa.gz,fProPar1.1,Protomyctophum parallelum,VGP,GCA_964188405.1,fProPar1.1
/project/shefflab/brickyard/datasets_downloaded/refgenomes_fasta/fasta/vgp/fasta/GCA_040939525.1.fa.gz,ASM4093952v1,Protopterus annectens,VGP,GCA_040939525.1,ASM4093952v1
/project/shefflab/brickyard/datasets_downloaded/refgenomes_fasta/fasta/vgp/fasta/GCF_028390025.1.fa.gz,aPseCor3.hap2,Pseudophryne corroboree,VGP,GCF_028390025.1,aPseCor3.hap2
/project/shefflab/brickyard/datasets_downloaded/refgenomes_fasta/fasta/vgp/fasta/GCF_036250125.1.fa.gz,bDixPip1.hap1,Pseudopipra pipra,VGP,GCF_036250125.1,bDixPip1.hap1
/project/shefflab/brickyard/datasets_downloaded/refgenomes_fasta/fasta/vgp/fasta/GCF_039906515.1.fa.gz,mPseCra1.hap1,Pseudorca crassidens,VGP,GCF_039906515.1,mPseCra1.hap1
/project/shefflab/brickyard/datasets_downloaded/refgenomes_fasta/fasta/vgp/fasta/GCA_963264785.1.fa.gz,bPsiEch3.1,Psittacula echo,VGP,GCA_963264785.1,bPsiEch3.1
/project/shefflab/brickyard/datasets_downloaded/refgenomes_fasta/fasta/vgp/fasta/GCA_009769525.1.fa.gz,bPteGut1.pri,Pterocles gutturalis,VGP,GCA_009769525.1,bPteGut1.pri
/project/shefflab/brickyard/datasets_downloaded/refgenomes_fasta/fasta/vgp/fasta/GCF_949316345.1.fa.gz,fPunPun2.1,Pungitius pungitius,VGP,GCF_949316345.1,fPunPun2.1
/project/shefflab/brickyard/datasets_downloaded/refgenomes_fasta/fasta/vgp/fasta/GCF_015220715.1.fa.gz,fPygNat1.pri,Pygocentrus nattereri,VGP,GCF_015220715.1,fPygNat1.pri
/project/shefflab/brickyard/datasets_downloaded/refgenomes_fasta/fasta/vgp/fasta/GCA_963514005.1.fa.gz,sRajBra1.1,Raja brachyura,VGP,GCA_963514005.1,sRajBra1.1
/project/shefflab/brickyard/datasets_downloaded/refgenomes_fasta/fasta/vgp/fasta/GCF_905171775.1.fa.gz,aRanTem1.1,Rana temporaria,VGP,GCF_905171775.1,aRanTem1.1
/project/shefflab/brickyard/datasets_downloaded/refgenomes_fasta/fasta/vgp/fasta/GCF_032444005.1.fa.gz,aRanImi1.pri,Ranitomeya imitator,VGP,GCF_032444005.1,aRanImi1.pri
/project/shefflab/brickyard/datasets_downloaded/refgenomes_fasta/fasta/vgp/fasta/GCF_015227675.2.fa.gz,mRatBN7.2,Rattus norvegicus,VGP,GCF_015227675.2,mRatBN7.2
/project/shefflab/brickyard/datasets_downloaded/refgenomes_fasta/fasta/vgp/fasta/GCA_963969265.1.fa.gz,fRhaChi2.1,Rhamphochromis sp. 'chilingali',VGP,GCA_963969265.1,fRhaChi2.1
/project/shefflab/brickyard/datasets_downloaded/refgenomes_fasta/fasta/vgp/fasta/GCF_028389875.1.fa.gz,bPtePen1.pri,Rhea pennata,VGP,GCF_028389875.1,bPtePen1.pri
/project/shefflab/brickyard/datasets_downloaded/refgenomes_fasta/fasta/vgp/fasta/GCA_901001135.2.fa.gz,aRhiBiv1.2,Rhinatrema bivittatum,VGP,GCA_901001135.2,aRhiBiv1.2
/project/shefflab/brickyard/datasets_downloaded/refgenomes_fasta/fasta/vgp/fasta/GCF_030035675.1.fa.gz,rRhiFlo1.hap2,Rhineura floridana,VGP,GCF_030035675.1,rRhiFlo1.hap2
/project/shefflab/brickyard/datasets_downloaded/refgenomes_fasta/fasta/vgp/fasta/GCA_048301585.1.fa.gz,ASM4830158v1,Rhinogobio nasutus,VGP,GCA_048301585.1,ASM4830158v1
/project/shefflab/brickyard/datasets_downloaded/refgenomes_fasta/fasta/vgp/fasta/GCA_043728065.1.fa.gz,ASM4372806v1,Rhinolophus affinis,VGP,GCA_043728065.1,ASM4372806v1
/project/shefflab/brickyard/datasets_downloaded/refgenomes_fasta/fasta/vgp/fasta/GCA_014108255.1.fa.gz,mRhiFer1.p,Rhinolophus ferrumequinum,VGP,GCA_014108255.1,mRhiFer1.p
/project/shefflab/brickyard/datasets_downloaded/refgenomes_fasta/fasta/vgp/fasta/GCF_004115265.2.fa.gz,mRhiFer1_v1.p,Rhinolophus ferrumequinum,VGP,GCF_004115265.2,mRhiFer1_v1.p
/project/shefflab/brickyard/datasets_downloaded/refgenomes_fasta/fasta/vgp/fasta/GCA_964194185.1.fa.gz,mRhiHip2.hap1.1,Rhinolophus hipposideros,VGP,GCA_964194185.1,mRhiHip2.hap1.1
/project/shefflab/brickyard/datasets_downloaded/refgenomes_fasta/fasta/vgp/fasta/GCA_043748575.1.fa.gz,ASM4374857v1,Rhinolophus perniger lanosus,VGP,GCA_043748575.1,ASM4374857v1
/project/shefflab/brickyard/datasets_downloaded/refgenomes_fasta/fasta/vgp/fasta/GCA_043728145.1.fa.gz,ASM4372814v1,Rhinolophus trifoliatus,VGP,GCA_043728145.1,ASM4372814v1
/project/shefflab/brickyard/datasets_downloaded/refgenomes_fasta/fasta/vgp/fasta/GCA_043880425.1.fa.gz,ASM4388042v1,Rhinolophus yonghoiseni,VGP,GCA_043880425.1,ASM4388042v1
/project/shefflab/brickyard/datasets_downloaded/refgenomes_fasta/fasta/vgp/fasta/GCA_037306005.1.fa.gz,aRhiDor1.hap1,Rhinophrynus dorsalis,VGP,GCA_037306005.1,aRhiDor1.hap1
/project/shefflab/brickyard/datasets_downloaded/refgenomes_fasta/fasta/vgp/fasta/GCA_043880545.1.fa.gz,ASM4388054v1,Rhinopoma microphyllum,VGP,GCA_043880545.1,ASM4388054v1
/project/shefflab/brickyard/datasets_downloaded/refgenomes_fasta/fasta/vgp/fasta/GCA_043290085.1.fa.gz,mRhyPet1.hap1,Rhynchocyon petersi,VGP,GCA_043290085.1,mRhyPet1.hap1
/project/shefflab/brickyard/datasets_downloaded/refgenomes_fasta/fasta/vgp/fasta/GCA_037038545.1.fa.gz,mRhyNas2.hap1,Rhynchonycteris naso,VGP,GCA_037038545.1,mRhyNas2.hap1
/project/shefflab/brickyard/datasets_downloaded/refgenomes_fasta/fasta/vgp/fasta/GCF_028500815.1.fa.gz,bRisTri1.patW.cur.20221130,Rissa tridactyla,VGP,GCF_028500815.1,bRisTri1.patW.cur.20221130
/project/shefflab/brickyard/datasets_downloaded/refgenomes_fasta/fasta/vgp/fasta/GCF_014176215.1.fa.gz,mRouAeg1.p,Rousettus aegyptiacus,VGP,GCF_014176215.1,mRouAeg1.p
/project/shefflab/brickyard/datasets_downloaded/refgenomes_fasta/fasta/vgp/fasta/GCF_036850765.1.fa.gz,mSacBil1_pri_phased_curated,Saccopteryx bilineata,VGP,GCF_036850765.1,mSacBil1_pri_phased_curated
/project/shefflab/brickyard/datasets_downloaded/refgenomes_fasta/fasta/vgp/fasta/GCF_036850995.1.fa.gz,mSacLep1_pri_phased_curated,Saccopteryx leptura,VGP,GCF_036850995.1,mSacLep1_pri_phased_curated
/project/shefflab/brickyard/datasets_downloaded/refgenomes_fasta/fasta/vgp/fasta/GCA_048565385.1.fa.gz,mSaiBol1.pri,Saimiri boliviensis,VGP,GCA_048565385.1,mSaiBol1.pri
/project/shefflab/brickyard/datasets_downloaded/refgenomes_fasta/fasta/vgp/fasta/GCF_902148845.1.fa.gz,fSalaFa1.1,Salarias fasciatus,VGP,GCF_902148845.1,fSalaFa1.1
/project/shefflab/brickyard/datasets_downloaded/refgenomes_fasta/fasta/vgp/fasta/GCF_030463535.1.fa.gz,fSalBra1.hap2,Salminus brasiliensis,VGP,GCF_030463535.1,fSalBra1.hap2
/project/shefflab/brickyard/datasets_downloaded/refgenomes_fasta/fasta/vgp/fasta/GCA_901001165.2.fa.gz,fSalTru1.2,Salmo trutta,VGP,GCA_901001165.2,fSalTru1.2
/project/shefflab/brickyard/datasets_downloaded/refgenomes_fasta/fasta/vgp/fasta/GCA_036784965.1.fa.gz,fSalAlp2_p1.0,Salvelinus alpinus oquassa,VGP,GCA_036784965.1,fSalAlp2_p1.0
/project/shefflab/brickyard/datasets_downloaded/refgenomes_fasta/fasta/vgp/fasta/GCA_048593225.1.fa.gz,ASM4859322v1,Sarcophilus harrisii,VGP,GCA_048593225.1,ASM4859322v1
/project/shefflab/brickyard/datasets_downloaded/refgenomes_fasta/fasta/vgp/fasta/GCF_902635505.1.fa.gz,mSarHar1.11,Sarcophilus harrisii,VGP,GCF_902635505.1,mSarHar1.11
/project/shefflab/brickyard/datasets_downloaded/refgenomes_fasta/fasta/vgp/fasta/GCA_037962945.1.fa.gz,bSarPap1.hap1,Sarcoramphus papa,VGP,GCA_037962945.1,bSarPap1.hap1
/project/shefflab/brickyard/datasets_downloaded/refgenomes_fasta/fasta/vgp/fasta/GCF_963854185.1.fa.gz,fSarPil1.1,Sardina pilchardus,VGP,GCF_963854185.1,fSarPil1.1
/project/shefflab/brickyard/datasets_downloaded/refgenomes_fasta/fasta/vgp/fasta/GCA_964197995.1.fa.gz,fScaEry2.hap1.1,Scardinius erythrophthalmus,VGP,GCA_964197995.1,fScaEry2.hap1.1
/project/shefflab/brickyard/datasets_downloaded/refgenomes_fasta/fasta/vgp/fasta/GCF_020382885.2.fa.gz,fScaArg1.pri,Scatophagus argus,VGP,GCF_020382885.2,fScaArg1.pri
/project/shefflab/brickyard/datasets_downloaded/refgenomes_fasta/fasta/vgp/fasta/GCF_902686445.1.fa.gz,mSciCar1.2,Sciurus carolinensis,VGP,GCF_902686445.1,mSciCar1.2
/project/shefflab/brickyard/datasets_downloaded/refgenomes_fasta/fasta/vgp/fasta/GCA_902686455.2.fa.gz,mSciVul1.2,Sciurus vulgaris,VGP,GCA_902686455.2,mSciVul1.2
/project/shefflab/brickyard/datasets_downloaded/refgenomes_fasta/fasta/vgp/fasta/GCF_900964775.1.fa.gz,fSclFor1.1,Scleropages formosus,VGP,GCF_900964775.1,fSclFor1.1
/project/shefflab/brickyard/datasets_downloaded/refgenomes_fasta/fasta/vgp/fasta/GCF_027409825.1.fa.gz,fScoJap1.pri,Scomber japonicus,VGP,GCF_027409825.1,fScoJap1.pri
/project/shefflab/brickyard/datasets_downloaded/refgenomes_fasta/fasta/vgp/fasta/GCF_963691925.1.fa.gz,fScoSco1.1,Scomber scombrus,VGP,GCF_963691925.1,fScoSco1.1
/project/shefflab/brickyard/datasets_downloaded/refgenomes_fasta/fasta/vgp/fasta/GCA_963854745.1.fa.gz,fScoMax1.1,Scophthalmus maximus,VGP,GCA_963854745.1,fScoMax1.1
/project/shefflab/brickyard/datasets_downloaded/refgenomes_fasta/fasta/vgp/fasta/GCA_902713615.2.fa.gz,sScyCan1.2,Scyliorhinus canicula,VGP,GCA_902713615.2,sScyCan1.2
/project/shefflab/brickyard/datasets_downloaded/refgenomes_fasta/fasta/vgp/fasta/GCA_043250625.1.fa.gz,fSebFas1.pri,Sebastes fasciatus,VGP,GCA_043250625.1,fSebFas1.pri
/project/shefflab/brickyard/datasets_downloaded/refgenomes_fasta/fasta/vgp/fasta/GCF_015220745.1.fa.gz,fSebUmb1.pri,Sebastes umbrosus,VGP,GCF_015220745.1,fSebUmb1.pri
/project/shefflab/brickyard/datasets_downloaded/refgenomes_fasta/fasta/vgp/fasta/GCA_021292165.1.fa.gz,IOZ_Scro_1.0,Shinisaurus crocodilurus,VGP,GCA_021292165.1,IOZ_Scro_1.0
/project/shefflab/brickyard/datasets_downloaded/refgenomes_fasta/fasta/vgp/fasta/GCA_048593235.1.fa.gz,ASM4859323v1,Sminthopsis crassicaudata,VGP,GCA_048593235.1,ASM4859323v1
/project/shefflab/brickyard/datasets_downloaded/refgenomes_fasta/fasta/vgp/fasta/GCF_958295425.1.fa.gz,fSolSol10.1,Solea solea,VGP,GCF_958295425.1,fSolSol10.1
/project/shefflab/brickyard/datasets_downloaded/refgenomes_fasta/fasta/vgp/fasta/GCF_027595985.1.fa.gz,mSorAra2.pri,Sorex araneus,VGP,GCF_027595985.1,mSorAra2.pri
/project/shefflab/brickyard/datasets_downloaded/refgenomes_fasta/fasta/vgp/fasta/GCA_900880675.2.fa.gz,fSpaAur1.2,Sparus aurata,VGP,GCA_900880675.2,fSpaAur1.2
/project/shefflab/brickyard/datasets_downloaded/refgenomes_fasta/fasta/vgp/fasta/GCF_027358695.1.fa.gz,aSpeBom1.2.pri,Spea bombifrons,VGP,GCF_027358695.1,aSpeBom1.2.pri
/project/shefflab/brickyard/datasets_downloaded/refgenomes_fasta/fasta/vgp/fasta/GCA_964194105.1.fa.gz,mSpeCit3.1,Spermophilus citellus,VGP,GCA_964194105.1,mSpeCit3.1
/project/shefflab/brickyard/datasets_downloaded/refgenomes_fasta/fasta/vgp/fasta/GCF_902148855.1.fa.gz,fSphaOr1.1,Sphaeramia orbicularis,VGP,GCF_902148855.1,fSphaOr1.1
/project/shefflab/brickyard/datasets_downloaded/refgenomes_fasta/fasta/vgp/fasta/GCA_048126635.1.fa.gz,SpiSpi1_v1.hap1,Spinachia spinachia,VGP,GCA_048126635.1,SpiSpi1_v1.hap1
/project/shefflab/brickyard/datasets_downloaded/refgenomes_fasta/fasta/vgp/fasta/GCA_963457725.1.fa.gz,fSprSpr1.1,Sprattus sprattus,VGP,GCA_963457725.1,fSprSpr1.1
/project/shefflab/brickyard/datasets_downloaded/refgenomes_fasta/fasta/vgp/fasta/GCF_030684315.1.fa.gz,sSteTig4.hap1,Stegostoma tigrinum,VGP,GCF_030684315.1,sSteTig4.hap1
/project/shefflab/brickyard/datasets_downloaded/refgenomes_fasta/fasta/vgp/fasta/GCA_009819605.1.fa.gz,bSteHir1.pri,Sterna hirundo,VGP,GCA_009819605.1,bSteHir1.pri
/project/shefflab/brickyard/datasets_downloaded/refgenomes_fasta/fasta/vgp/fasta/GCA_032164245.1.fa.gz,rSteOdo2_p1.0,Sternotherus odoratus,VGP,GCA_032164245.1,rSteOdo2_p1.0
/project/shefflab/brickyard/datasets_downloaded/refgenomes_fasta/fasta/vgp/fasta/GCA_964273445.1.fa.gz,bStrDea1.hap1.1,Streptopelia decaocto,VGP,GCA_964273445.1,bStrDea1.hap1.1
/project/shefflab/brickyard/datasets_downloaded/refgenomes_fasta/fasta/vgp/fasta/GCA_901699155.2.fa.gz,bStrTur1.2,Streptopelia turtur,VGP,GCA_901699155.2,bStrTur1.2
/project/shefflab/brickyard/datasets_downloaded/refgenomes_fasta/fasta/vgp/fasta/GCF_004027225.2.fa.gz,bStrHab1.2.pri,Strigops habroptila,VGP,GCF_004027225.2,bStrHab1.2.pri
/project/shefflab/brickyard/datasets_downloaded/refgenomes_fasta/fasta/vgp/fasta/GCA_031877795.1.fa.gz,bStrAlu1.hap1,Strix aluco,VGP,GCA_031877795.1,bStrAlu1.hap1
/project/shefflab/brickyard/datasets_downloaded/refgenomes_fasta/fasta/vgp/fasta/GCF_040807025.1.fa.gz,bStrCam1.hap1,Struthio camelus,VGP,GCF_040807025.1,bStrCam1.hap1
/project/shefflab/brickyard/datasets_downloaded/refgenomes_fasta/fasta/vgp/fasta/GCF_024139225.1.fa.gz,mSunEtr1.pri.cur,Suncus etruscus,VGP,GCF_024139225.1,mSunEtr1.pri.cur
/project/shefflab/brickyard/datasets_downloaded/refgenomes_fasta/fasta/vgp/fasta/GCA_048338725.1.fa.gz,T2T_pig1.0,Sus scrofa,VGP,GCA_048338725.1,T2T_pig1.0
/project/shefflab/brickyard/datasets_downloaded/refgenomes_fasta/fasta/vgp/fasta/GCF_009819655.1.fa.gz,bSylAtr1.pri,Sylvia atricapilla,VGP,GCF_009819655.1,bSylAtr1.pri
/project/shefflab/brickyard/datasets_downloaded/refgenomes_fasta/fasta/vgp/fasta/GCA_014839755.1.fa.gz,bSylBor1.pri,Sylvia borin,VGP,GCA_014839755.1,bSylBor1.pri
/project/shefflab/brickyard/datasets_downloaded/refgenomes_fasta/fasta/vgp/fasta/GCF_028878055.3.fa.gz,NHGRI_mSymSyn1-v2.1_pri,Symphalangus syndactylus,VGP,GCF_028878055.3,NHGRI_mSymSyn1-v2.1_pri
/project/shefflab/brickyard/datasets_downloaded/refgenomes_fasta/fasta/vgp/fasta/GCA_048128725.1.fa.gz,fSymNem1.1_haplotype_1,Symphorus nematophorus,VGP,GCA_048128725.1,fSymNem1.1_haplotype_1
/project/shefflab/brickyard/datasets_downloaded/refgenomes_fasta/fasta/vgp/fasta/GCA_044231675.1.fa.gz,ASM4423167v1,Synchiropus picturatus,VGP,GCA_044231675.1,ASM4423167v1
/project/shefflab/brickyard/datasets_downloaded/refgenomes_fasta/fasta/vgp/fasta/GCF_901709675.1.fa.gz,fSynAcu1.2,Syngnathus acus,VGP,GCF_901709675.1,fSynAcu1.2
/project/shefflab/brickyard/datasets_downloaded/refgenomes_fasta/fasta/vgp/fasta/GCA_048301445.1.fa.gz,SynTyp1_v1.hap1,Syngnathus typhle,VGP,GCA_048301445.1,SynTyp1_v1.hap1
/project/shefflab/brickyard/datasets_downloaded/refgenomes_fasta/fasta/vgp/fasta/GCF_015852505.1.fa.gz,mTacAcu1.pri,Tachyglossus aculeatus,VGP,GCF_015852505.1,mTacAcu1.pri
/project/shefflab/brickyard/datasets_downloaded/refgenomes_fasta/fasta/vgp/fasta/GCA_048771995.1.fa.gz,bTaeGut7.mat,Taeniopygia guttata,VGP,GCA_048771995.1,bTaeGut7.mat
/project/shefflab/brickyard/datasets_downloaded/refgenomes_fasta/fasta/vgp/fasta/GCF_003957565.2.fa.gz,bTaeGut1.4.pri,Taeniopygia guttata,VGP,GCF_003957565.2,bTaeGut1.4.pri
/project/shefflab/brickyard/datasets_downloaded/refgenomes_fasta/fasta/vgp/fasta/GCA_901000725.3.fa.gz,fTakRub1.3,Takifugu rubripes,VGP,GCA_901000725.3,fTakRub1.3
/project/shefflab/brickyard/datasets_downloaded/refgenomes_fasta/fasta/vgp/fasta/GCA_964194135.1.fa.gz,mTalEur1.hap1.1,Talpa europaea,VGP,GCA_964194135.1,mTalEur1.hap1.1
/project/shefflab/brickyard/datasets_downloaded/refgenomes_fasta/fasta/vgp/fasta/GCA_023851605.1.fa.gz,mTamTet1.pri,Tamandua tetradactyla,VGP,GCA_023851605.1,mTamTet1.pri
/project/shefflab/brickyard/datasets_downloaded/refgenomes_fasta/fasta/vgp/fasta/GCA_031878705.1.fa.gz,mTapInd1.hap2,Tapirus indicus,VGP,GCA_031878705.1,mTapInd1.hap2
/project/shefflab/brickyard/datasets_downloaded/refgenomes_fasta/fasta/vgp/fasta/GCA_009769465.1.fa.gz,bTauEry1.pri,Tauraco erythrolophus,VGP,GCA_009769465.1,bTauEry1.pri
/project/shefflab/brickyard/datasets_downloaded/refgenomes_fasta/fasta/vgp/fasta/GCA_910589615.1.fa.gz,fTauBub2.1,Taurulus bubalis,VGP,GCA_910589615.1,fTauBub2.1
/project/shefflab/brickyard/datasets_downloaded/refgenomes_fasta/fasta/vgp/fasta/GCA_020745685.1.fa.gz,fTauAds1.pri.cur,Tautogolabrus adspersus,VGP,GCA_020745685.1,fTauAds1.pri.cur
/project/shefflab/brickyard/datasets_downloaded/refgenomes_fasta/fasta/vgp/fasta/GCA_933228915.1.fa.gz,fTelBon1.1,Telmatherina bonti,VGP,GCA_933228915.1,fTelBon1.1
/project/shefflab/brickyard/datasets_downloaded/refgenomes_fasta/fasta/vgp/fasta/GCF_902500255.1.fa.gz,fThaAma1.1,Thalassophryne amazonica,VGP,GCF_902500255.1,fThaAma1.1
/project/shefflab/brickyard/datasets_downloaded/refgenomes_fasta/fasta/vgp/fasta/GCA_965202585.1.fa.gz,ktThaDemo2.hap1.1,Thalia democratica,VGP,GCA_965202585.1,ktThaDemo2.hap1.1
/project/shefflab/brickyard/datasets_downloaded/refgenomes_fasta/fasta/vgp/fasta/GCF_009769535.1.fa.gz,rThaEle1.pri,Thamnophis elegans,VGP,GCF_009769535.1,rThaEle1.pri
/project/shefflab/brickyard/datasets_downloaded/refgenomes_fasta/fasta/vgp/fasta/GCA_020745775.1.fa.gz,bTheCae1.pri.cur,Theristicus caerulescens,VGP,GCA_020745775.1,bTheCae1.pri.cur
/project/shefflab/brickyard/datasets_downloaded/refgenomes_fasta/fasta/vgp/fasta/GCA_031878675.1.fa.gz,mThoBot2.hap1,Thomomys bottae,VGP,GCA_031878675.1,mThoBot2.hap1
/project/shefflab/brickyard/datasets_downloaded/refgenomes_fasta/fasta/vgp/fasta/GCF_914725855.1.fa.gz,fThuAlb1.1,Thunnus albacares,VGP,GCF_914725855.1,fThuAlb1.1
/project/shefflab/brickyard/datasets_downloaded/refgenomes_fasta/fasta/vgp/fasta/GCF_910596095.1.fa.gz,fThuMac1.1,Thunnus maccoyii,VGP,GCF_910596095.1,fThuMac1.1
/project/shefflab/brickyard/datasets_downloaded/refgenomes_fasta/fasta/vgp/fasta/GCF_963924715.1.fa.gz,fThuThy2.1,Thunnus thynnus,VGP,GCF_963924715.1,fThuThy2.1
/project/shefflab/brickyard/datasets_downloaded/refgenomes_fasta/fasta/vgp/fasta/GCA_035046505.1.fa.gz,rTilSci1.hap2,Tiliqua scincoides,VGP,GCA_035046505.1,rTilSci1.hap2
/project/shefflab/brickyard/datasets_downloaded/refgenomes_fasta/fasta/vgp/fasta/GCF_017976425.1.fa.gz,fToxJac2.pri,Toxotes jaculatrix,VGP,GCF_017976425.1,fToxJac2.pri
/project/shefflab/brickyard/datasets_downloaded/refgenomes_fasta/fasta/vgp/fasta/GCA_905171665.2.fa.gz,fTraTra1.2,Trachurus trachurus,VGP,GCA_905171665.2,fTraTra1.2
/project/shefflab/brickyard/datasets_downloaded/refgenomes_fasta/fasta/vgp/fasta/GCA_046562895.1.fa.gz,mTriInu1 haplotype 2,Trichechus inunguis,VGP,GCA_046562895.1,mTriInu1 haplotype 2
/project/shefflab/brickyard/datasets_downloaded/refgenomes_fasta/fasta/vgp/fasta/GCF_030014385.1.fa.gz,fTriRos1.hap1,Trichomycterus rosablanca,VGP,GCF_030014385.1,fTriRos1.hap1
/project/shefflab/brickyard/datasets_downloaded/refgenomes_fasta/fasta/vgp/fasta/GCF_011100635.1.fa.gz,mTriVul1.pri,Trichosurus vulpecula,VGP,GCF_011100635.1,mTriVul1.pri
/project/shefflab/brickyard/datasets_downloaded/refgenomes_fasta/fasta/vgp/fasta/GCA_963675345.1.fa.gz,kaTriClin1.1,Trididemnum clinides,VGP,GCA_963675345.1,kaTriClin1.1
/project/shefflab/brickyard/datasets_downloaded/refgenomes_fasta/fasta/vgp/fasta/GCA_964204655.1.fa.gz,aTriCri1.1,Triturus cristatus,VGP,GCA_964204655.1,aTriCri1.1
/project/shefflab/brickyard/datasets_downloaded/refgenomes_fasta/fasta/vgp/fasta/GCA_020746105.1.fa.gz,bTroSur1.pri.cur,Trogon surrucura,VGP,GCA_020746105.1,bTroSur1.pri.cur
/project/shefflab/brickyard/datasets_downloaded/refgenomes_fasta/fasta/vgp/fasta/GCA_045843805.1.fa.gz,mUroPar1.hap1,Urocitellus parryii,VGP,GCA_045843805.1,mUroPar1.hap1
/project/shefflab/brickyard/datasets_downloaded/refgenomes_fasta/fasta/vgp/fasta/GCA_965231255.1.fa.gz,bVanVan1.hap1.1,Vanellus vanellus,VGP,GCA_965231255.1,bVanVan1.hap1.1
/project/shefflab/brickyard/datasets_downloaded/refgenomes_fasta/fasta/vgp/fasta/GCA_026979555.1.fa.gz,bVidCha1 purged dups haplotype,Vidua chalybeata,VGP,GCA_026979555.1,bVidCha1 purged dups haplotype
/project/shefflab/brickyard/datasets_downloaded/refgenomes_fasta/fasta/vgp/fasta/GCF_026979565.1.fa.gz,bVidCha1 merged haplotype,Vidua chalybeata,VGP,GCF_026979565.1,bVidCha1 merged haplotype
/project/shefflab/brickyard/datasets_downloaded/refgenomes_fasta/fasta/vgp/fasta/GCA_964194415.1.fa.gz,rVipBer3.hap1.1,Vipera berus,VGP,GCA_964194415.1,rVipBer3.hap1.1
/project/shefflab/brickyard/datasets_downloaded/refgenomes_fasta/fasta/vgp/fasta/GCA_964106825.2.fa.gz,mVulVul1.hap1.2,Vulpes vulpes,VGP,GCA_964106825.2,mVulVul1.hap1.2
/project/shefflab/brickyard/datasets_downloaded/refgenomes_fasta/fasta/vgp/fasta/GCA_045364795.1.fa.gz,bWilVid1 haplotype 1,Willisornis vidua,VGP,GCA_045364795.1,bWilVid1 haplotype 1
/project/shefflab/brickyard/datasets_downloaded/refgenomes_fasta/fasta/vgp/fasta/GCA_014839995.1.fa.gz,fXenCan1.pri,Xenentodon cancila,VGP,GCA_014839995.1,fXenCan1.pri
/project/shefflab/brickyard/datasets_downloaded/refgenomes_fasta/fasta/vgp/fasta/GCA_038501925.1.fa.gz,aXenPet1.paternal.cur,Xenopus petersii,VGP,GCA_038501925.1,aXenPet1.paternal.cur
/project/shefflab/brickyard/datasets_downloaded/refgenomes_fasta/fasta/vgp/fasta/GCF_009762305.2.fa.gz,mZalCal1.pri.v2,Zalophus californianus,VGP,GCF_009762305.2,mZalCal1.pri.v2
/project/shefflab/brickyard/datasets_downloaded/refgenomes_fasta/fasta/vgp/fasta/GCA_960531495.1.fa.gz,fZeuFab8.1,Zeus faber,VGP,GCA_960531495.1,fZeuFab8.1
/project/shefflab/brickyard/datasets_downloaded/refgenomes_fasta/fasta/vgp/fasta/GCA_047830755.1.fa.gz,bZonAlb1.hap1,Zonotrichia albicollis,VGP,GCA_047830755.1,bZonAlb1.hap1
/project/shefflab/brickyard/datasets_downloaded/refgenomes_fasta/fasta/vgp/fasta/GCF_963506605.1.fa.gz,rZooViv1.1,Zootoca vivipara,VGP,GCF_963506605.1,rZooViv1.1
/project/shefflab/brickyard/datasets_downloaded/refgenomes_fasta/fasta/vgp/fasta/GCA_965231275.1.fa.gz,bZosLat1.hap1.1,Zosterops lateralis,VGP,GCA_965231275.1,bZosLat1.hap1.1
