fasta,name,organism,source,genome_assembly,accession,group,pep_sample_name
/project/shefflab/brickyard/datasets_downloaded/refgenomes_fasta/fasta/plantref/actinidia_chinensis/plantref/FEI_Lab_v1_0.fa.gz,actinidia_chinensis_FEI_Lab_v1_0,Actinidia chinensis,plantref,FEI_Lab_v1_0,,actinidia_chinensis,actinidia_chinensis_FEI_Lab_v1_0
/project/shefflab/brickyard/datasets_downloaded/refgenomes_fasta/fasta/plantref/amborella_trichopoda/plantref/Amborella_V1_0.fa.gz,amborella_trichopoda_Amborella_V1_0,Amborella trichopoda,plantref,Amborella_V1_0,,amborella_trichopoda,amborella_trichopoda_Amborella_V1_0
/project/shefflab/brickyard/datasets_downloaded/refgenomes_fasta/fasta/plantref/amborella_trichopoda/plantref/Amborella_v1.fa.gz,amborella_trichopoda_Amborella_v1,Amborella trichopoda,plantref,Amborella_v1,,amborella_trichopoda,amborella_trichopoda_Amborella_v1
/project/shefflab/brickyard/datasets_downloaded/refgenomes_fasta/fasta/plantref/amborella_trichopoda/jgi/JGI_v1_0.fa.gz,amborella_trichopoda_JGI_v1_0,Amborella trichopoda,JGI,JGI_v1_0,,amborella_trichopoda,amborella_trichopoda_JGI_v1_0
/project/shefflab/brickyard/datasets_downloaded/refgenomes_fasta/fasta/plantref/ananas_comosus/jgi/JGI_v3_0.fa.gz,ananas_comosus_JGI_v3_0,Ananas comosus,JGI,JGI_v3_0,,ananas_comosus,ananas_comosus_JGI_v3_0
/project/shefflab/brickyard/datasets_downloaded/refgenomes_fasta/fasta/plantref/apostasia_shenzhenica/plantref/v1_0.fa.gz,apostasia_shenzhenica_v1_0,Apostasia shenzhenica,plantref,v1_0,,apostasia_shenzhenica,apostasia_shenzhenica_v1_0
/project/shefflab/brickyard/datasets_downloaded/refgenomes_fasta/fasta/plantref/arabidopsis_lyrata/jgi/JGI_v1_0.fa.gz,arabidopsis_lyrata_JGI_v1_0,Arabidopsis lyrata,JGI,JGI_v1_0,,arabidopsis_lyrata,arabidopsis_lyrata_JGI_v1_0
/project/shefflab/brickyard/datasets_downloaded/refgenomes_fasta/fasta/plantref/arabidopsis_lyrata/jgi/JGI_v2_1.fa.gz,arabidopsis_lyrata_JGI_v2_1,Arabidopsis lyrata,JGI,JGI_v2_1,,arabidopsis_lyrata,arabidopsis_lyrata_JGI_v2_1
/project/shefflab/brickyard/datasets_downloaded/refgenomes_fasta/fasta/plantref/arabidopsis_thaliana/araport/COL-0_Araport11.fa.gz,arabidopsis_thaliana_COL-0_Araport11,Arabidopsis thaliana,Araport,COL-0_Araport11,,arabidopsis_thaliana,arabidopsis_thaliana_COL-0_Araport11
/project/shefflab/brickyard/datasets_downloaded/refgenomes_fasta/fasta/plantref/arabidopsis_thaliana/plantref/COL-0_TAIR10.fa.gz,arabidopsis_thaliana_COL-0_TAIR10,Arabidopsis thaliana,plantref,COL-0_TAIR10,,arabidopsis_thaliana,arabidopsis_thaliana_COL-0_TAIR10
/project/shefflab/brickyard/datasets_downloaded/refgenomes_fasta/fasta/plantref/arachis_ipaensis/peanutbase/Peanut_Base_v1_0.fa.gz,arachis_ipaensis_Peanut_Base_v1_0,Arachis ipaensis,PeanutBase,Peanut_Base_v1_0,,arachis_ipaensis,arachis_ipaensis_Peanut_Base_v1_0
/project/shefflab/brickyard/datasets_downloaded/refgenomes_fasta/fasta/plantref/asparagus_officinalis/plantref/v1_1.fa.gz,asparagus_officinalis_v1_1,Asparagus officinalis,plantref,v1_1,,asparagus_officinalis,asparagus_officinalis_v1_1
/project/shefflab/brickyard/datasets_downloaded/refgenomes_fasta/fasta/plantref/asterochloris_sp_cgr_da1pho/jgi/v2_0_JGI_7_45_13.fa.gz,asterochloris_sp_v2_0_JGI_7_45_13,Asterochloris sp. Cgr DA1pho,JGI,v2_0_JGI_7_45_13,,asterochloris_sp_cgr_da1pho,asterochloris_sp_v2_0_JGI_7_45_13
/project/shefflab/brickyard/datasets_downloaded/refgenomes_fasta/fasta/plantref/aureococcus_anophagefferens/jgi/JGI_1_0.fa.gz,aureococcus_anophagefferens_JGI_1_0,Aureococcus anophagefferens,JGI,JGI_1_0,,aureococcus_anophagefferens,aureococcus_anophagefferens_JGI_1_0
/project/shefflab/brickyard/datasets_downloaded/refgenomes_fasta/fasta/plantref/auxenochlorella_protothecoides/bgi/Beijing_Genomics_Institute_1_0.fa.gz,auxenochlorella_protothecoides_Beijing_Genomics_Institute_1_0,Auxenochlorella protothecoides,BGI,Beijing_Genomics_Institute_1_0,,auxenochlorella_protothecoides,auxenochlorella_protothecoides_Beijing_Genomics_Institute_1_0
/project/shefflab/brickyard/datasets_downloaded/refgenomes_fasta/fasta/plantref/bathycoccus_prasinos/ghent/Ghent_University.fa.gz,bathycoccus_prasinos_Ghent_University,Bathycoccus prasinos,Ghent,Ghent_University,,bathycoccus_prasinos,bathycoccus_prasinos_Ghent_University
/project/shefflab/brickyard/datasets_downloaded/refgenomes_fasta/fasta/plantref/beta_vulgaris/plantref/RefBeet_1_1.fa.gz,beta_vulgaris_RefBeet_1_1,Beta vulgaris,plantref,RefBeet_1_1,,beta_vulgaris,beta_vulgaris_RefBeet_1_1
/project/shefflab/brickyard/datasets_downloaded/refgenomes_fasta/fasta/plantref/beta_vulgaris/plantref/RefBeet_v1_2.fa.gz,beta_vulgaris_RefBeet_v1_2,Beta vulgaris,plantref,RefBeet_v1_2,,beta_vulgaris,beta_vulgaris_RefBeet_v1_2
/project/shefflab/brickyard/datasets_downloaded/refgenomes_fasta/fasta/plantref/brachypodium_distachyon/jgi/JGI_v3_1.fa.gz,brachypodium_distachyon_JGI_v3_1,Brachypodium distachyon,JGI,JGI_v3_1,,brachypodium_distachyon,brachypodium_distachyon_JGI_v3_1
/project/shefflab/brickyard/datasets_downloaded/refgenomes_fasta/fasta/plantref/brachypodium_distachyon/mips/MIPS_1_2.fa.gz,brachypodium_distachyon_MIPS_1_2,Brachypodium distachyon,MIPS,MIPS_1_2,,brachypodium_distachyon,brachypodium_distachyon_MIPS_1_2
/project/shefflab/brickyard/datasets_downloaded/refgenomes_fasta/fasta/plantref/brassica_oleracea/ensembl/Ensembl_Genomes_v2_1.fa.gz,brassica_oleracea_Ensembl_Genomes_v2_1,Brassica oleracea,Ensembl,Ensembl_Genomes_v2_1,,brassica_oleracea,brassica_oleracea_Ensembl_Genomes_v2_1
/project/shefflab/brickyard/datasets_downloaded/refgenomes_fasta/fasta/plantref/brassica_rapa/phytozome/Annotation_v1_2_on_assembly_v1_1_Phytozome_9_1.fa.gz,brassica_rapa_Annotation_v1_2_on_assembly_v1_1_Phytozome_9_1,Brassica rapa,Phytozome,Annotation_v1_2_on_assembly_v1_1_Phytozome_9_1,,brassica_rapa,brassica_rapa_Annotation_v1_2_on_assembly_v1_1_Phytozome_9_1
/project/shefflab/brickyard/datasets_downloaded/refgenomes_fasta/fasta/plantref/brassica_rapa/jgi/JGI_FPsc1_3.fa.gz,brassica_rapa_JGI_FPsc1_3,Brassica rapa,JGI,JGI_FPsc1_3,,brassica_rapa,brassica_rapa_JGI_FPsc1_3
/project/shefflab/brickyard/datasets_downloaded/refgenomes_fasta/fasta/plantref/caenorhabditis_elegans/ensembl/ENSEMBL_release_81.fa.gz,caenorhabditis_elegans_ENSEMBL_release_81,Caenorhabditis elegans,Ensembl,ENSEMBL_release_81,,caenorhabditis_elegans,caenorhabditis_elegans_ENSEMBL_release_81
/project/shefflab/brickyard/datasets_downloaded/refgenomes_fasta/fasta/plantref/cajanus_cajan/penguingenomics/Penguin_Genomics_v5_0.fa.gz,cajanus_cajan_Penguin_Genomics_v5_0,Cajanus cajan,PenguinGenomics,Penguin_Genomics_v5_0,,cajanus_cajan,cajanus_cajan_Penguin_Genomics_v5_0
/project/shefflab/brickyard/datasets_downloaded/refgenomes_fasta/fasta/plantref/calamus_simplicifolius/plantref/v1_0.fa.gz,calamus_simplicifolius_v1_0,Calamus simplicifolius,plantref,v1_0,,calamus_simplicifolius,calamus_simplicifolius_v1_0
/project/shefflab/brickyard/datasets_downloaded/refgenomes_fasta/fasta/plantref/capsella_rubella/jgi/JGI_annotation_v1_0_on_assembly_v1.fa.gz,capsella_rubella_JGI_annotation_v1_0_on_assembly_v1,Capsella rubella,JGI,JGI_annotation_v1_0_on_assembly_v1,,capsella_rubella,capsella_rubella_JGI_annotation_v1_0_on_assembly_v1
/project/shefflab/brickyard/datasets_downloaded/refgenomes_fasta/fasta/plantref/capsella_rubella/jgi/JGI_v1_0.fa.gz,capsella_rubella_JGI_v1_0,Capsella rubella,JGI,JGI_v1_0,,capsella_rubella,capsella_rubella_JGI_v1_0
/project/shefflab/brickyard/datasets_downloaded/refgenomes_fasta/fasta/plantref/capsicum_annuum/peppergenome/Pepper_Genome_v2_0.fa.gz,capsicum_annuum_Pepper_Genome_v2_0,Capsicum annuum,PepperGenome,Pepper_Genome_v2_0,,capsicum_annuum,capsicum_annuum_Pepper_Genome_v2_0
/project/shefflab/brickyard/datasets_downloaded/refgenomes_fasta/fasta/plantref/carica_papaya/harc/Hawaii_Agriculture_Research_Center.fa.gz,carica_papaya_Hawaii_Agriculture_Research_Center,Carica papaya,HARC,Hawaii_Agriculture_Research_Center,,carica_papaya,carica_papaya_Hawaii_Agriculture_Research_Center
/project/shefflab/brickyard/datasets_downloaded/refgenomes_fasta/fasta/plantref/carica_papaya/jgi/JGI_ASGPB0_4.fa.gz,carica_papaya_JGI_ASGPB0_4,Carica papaya,JGI,JGI_ASGPB0_4,,carica_papaya,carica_papaya_JGI_ASGPB0_4
/project/shefflab/brickyard/datasets_downloaded/refgenomes_fasta/fasta/plantref/cenchrus_americanus/plantref/v1_0.fa.gz,cenchrus_americanus_v1_0,Cenchrus americanus,plantref,v1_0,,cenchrus_americanus,cenchrus_americanus_v1_0
/project/shefflab/brickyard/datasets_downloaded/refgenomes_fasta/fasta/plantref/chenopodium_quinoa/jgi/JGI_v1_0.fa.gz,chenopodium_quinoa_JGI_v1_0,Chenopodium quinoa,JGI,JGI_v1_0,,chenopodium_quinoa,chenopodium_quinoa_JGI_v1_0
/project/shefflab/brickyard/datasets_downloaded/refgenomes_fasta/fasta/plantref/chlamydomonas_reinhardtii/jgi/JGI_5_5_Phytozome_10_2.fa.gz,chlamydomonas_reinhardtii_JGI_5_5_Phytozome_10_2,Chlamydomonas reinhardtii,JGI,JGI_5_5_Phytozome_10_2,,chlamydomonas_reinhardtii,chlamydomonas_reinhardtii_JGI_5_5_Phytozome_10_2
/project/shefflab/brickyard/datasets_downloaded/refgenomes_fasta/fasta/plantref/chlamydomonas_reinhardtii/jgi/JGI_v5_0_assembly_annot_v5_3_1_based_on_Augustus_u11_6.fa.gz,chlamydomonas_reinhardtii_JGI_v5_0_assembly_annot_v5_3_1_based_on_Augustus_u11_6,Chlamydomonas reinhardtii,JGI,JGI_v5_0_assembly_annot_v5_3_1_based_on_Augustus_u11_6,,chlamydomonas_reinhardtii,chlamydomonas_reinhardtii_JGI_v5_0_assembly_annot_v5_3_1_based_on_Augustus_u11_6
/project/shefflab/brickyard/datasets_downloaded/refgenomes_fasta/fasta/plantref/chlamydomonas_reinhardtii/jgi/JGI_v5_5.fa.gz,chlamydomonas_reinhardtii_JGI_v5_5,Chlamydomonas reinhardtii,JGI,JGI_v5_5,,chlamydomonas_reinhardtii,chlamydomonas_reinhardtii_JGI_v5_5
/project/shefflab/brickyard/datasets_downloaded/refgenomes_fasta/fasta/plantref/chlorella_sp_nc64a/jgi/JGI_1_0.fa.gz,chlorella_sp_JGI_1_0,Chlorella sp. NC64A,JGI,JGI_1_0,,chlorella_sp_nc64a,chlorella_sp_JGI_1_0
/project/shefflab/brickyard/datasets_downloaded/refgenomes_fasta/fasta/plantref/chondrus_crispus/ensembl/ENSEMBL_protists_release_28.fa.gz,chondrus_crispus_ENSEMBL_protists_release_28,Chondrus crispus,Ensembl,ENSEMBL_protists_release_28,,chondrus_crispus,chondrus_crispus_ENSEMBL_protists_release_28
/project/shefflab/brickyard/datasets_downloaded/refgenomes_fasta/fasta/plantref/cicer_arietinum/lis/LIS_v1_0.fa.gz,cicer_arietinum_LIS_v1_0,Cicer arietinum,LIS,LIS_v1_0,,cicer_arietinum,cicer_arietinum_LIS_v1_0
/project/shefflab/brickyard/datasets_downloaded/refgenomes_fasta/fasta/plantref/citrullus_lanatus/cucurbitgdb/Cucurbit_Genomics_Database.fa.gz,citrullus_lanatus_Cucurbit_Genomics_Database,Citrullus lanatus,CucurbitGDB,Cucurbit_Genomics_Database,,citrullus_lanatus,citrullus_lanatus_Cucurbit_Genomics_Database
/project/shefflab/brickyard/datasets_downloaded/refgenomes_fasta/fasta/plantref/citrullus_lanatus/cucurbitgdb/Cucurbit_Genomics_Database_v1_0.fa.gz,citrullus_lanatus_Cucurbit_Genomics_Database_v1_0,Citrullus lanatus,CucurbitGDB,Cucurbit_Genomics_Database_v1_0,,citrullus_lanatus,citrullus_lanatus_Cucurbit_Genomics_Database_v1_0
/project/shefflab/brickyard/datasets_downloaded/refgenomes_fasta/fasta/plantref/citrus_clementina/jgi/JGI_v1_0.fa.gz,citrus_clementina_JGI_v1_0,Citrus clementina,JGI,JGI_v1_0,,citrus_clementina,citrus_clementina_JGI_v1_0
/project/shefflab/brickyard/datasets_downloaded/refgenomes_fasta/fasta/plantref/citrus_sinensis/jgi/JGI_v1_assembly_and_v1_0_annotation.fa.gz,citrus_sinensis_JGI_v1_assembly_and_v1_0_annotation,Citrus sinensis,JGI,JGI_v1_assembly_and_v1_0_annotation,,citrus_sinensis,citrus_sinensis_JGI_v1_assembly_and_v1_0_annotation
/project/shefflab/brickyard/datasets_downloaded/refgenomes_fasta/fasta/plantref/coccomyxa_subellipsoidea/jgi/C-169_JGI_2_0_Phytozome_10_2.fa.gz,coccomyxa_subellipsoidea_C-169_JGI_2_0_Phytozome_10_2,Coccomyxa subellipsoidea,JGI,C-169_JGI_2_0_Phytozome_10_2,,coccomyxa_subellipsoidea,coccomyxa_subellipsoidea_C-169_JGI_2_0_Phytozome_10_2
/project/shefflab/brickyard/datasets_downloaded/refgenomes_fasta/fasta/plantref/coffea_canephora/coffeegenomehub/Coffee_Genome_Hub_v1.fa.gz,coffea_canephora_Coffee_Genome_Hub_v1,Coffea canephora,CoffeeGenomeHub,Coffee_Genome_Hub_v1,,coffea_canephora,coffea_canephora_Coffee_Genome_Hub_v1
/project/shefflab/brickyard/datasets_downloaded/refgenomes_fasta/fasta/plantref/corchorus_olitorius/genbank/GenBank_v1_0.fa.gz,corchorus_olitorius_GenBank_v1_0,Corchorus olitorius,GenBank,GenBank_v1_0,,corchorus_olitorius,corchorus_olitorius_GenBank_v1_0
/project/shefflab/brickyard/datasets_downloaded/refgenomes_fasta/fasta/plantref/cucumis_melo/plantref/Melonomics_v3_5.fa.gz,cucumis_melo_Melonomics_v3_5,Cucumis melo,plantref,Melonomics_v3_5,,cucumis_melo,cucumis_melo_Melonomics_v3_5
/project/shefflab/brickyard/datasets_downloaded/refgenomes_fasta/fasta/plantref/cucumis_sativus/jgi/JGI_v1_0.fa.gz,cucumis_sativus_JGI_v1_0,Cucumis sativus,JGI,JGI_v1_0,,cucumis_sativus,cucumis_sativus_JGI_v1_0
/project/shefflab/brickyard/datasets_downloaded/refgenomes_fasta/fasta/plantref/cyanidioschyzon_merolae/tokyou/Tokyo_University.fa.gz,cyanidioschyzon_merolae_Tokyo_University,Cyanidioschyzon merolae,TokyoU,Tokyo_University,,cyanidioschyzon_merolae,cyanidioschyzon_merolae_Tokyo_University
/project/shefflab/brickyard/datasets_downloaded/refgenomes_fasta/fasta/plantref/daucus_carota/jgi/JGI_v2_0.fa.gz,daucus_carota_JGI_v2_0,Daucus carota,JGI,JGI_v2_0,,daucus_carota,daucus_carota_JGI_v2_0
/project/shefflab/brickyard/datasets_downloaded/refgenomes_fasta/fasta/plantref/dictyostelium_discoideum/ensembl/ENSEMBL_protist_release_28.fa.gz,dictyostelium_discoideum_ENSEMBL_protist_release_28,Dictyostelium discoideum,Ensembl,ENSEMBL_protist_release_28,,dictyostelium_discoideum,dictyostelium_discoideum_ENSEMBL_protist_release_28
/project/shefflab/brickyard/datasets_downloaded/refgenomes_fasta/fasta/plantref/drosophila_melanogaster/ensembl/ENSEMBL_release_81.fa.gz,drosophila_melanogaster_ENSEMBL_release_81,Drosophila melanogaster,Ensembl,ENSEMBL_release_81,,drosophila_melanogaster,drosophila_melanogaster_ENSEMBL_release_81
/project/shefflab/brickyard/datasets_downloaded/refgenomes_fasta/fasta/plantref/ectocarpus_siliculosus/ghent/Ghent_University.fa.gz,ectocarpus_siliculosus_Ghent_University,Ectocarpus siliculosus,Ghent,Ghent_University,,ectocarpus_siliculosus,ectocarpus_siliculosus_Ghent_University
/project/shefflab/brickyard/datasets_downloaded/refgenomes_fasta/fasta/plantref/elaeis_guineensis/plantref/EG5_1.fa.gz,elaeis_guineensis_EG5_1,Elaeis guineensis,plantref,EG5_1,,elaeis_guineensis,elaeis_guineensis_EG5_1
/project/shefflab/brickyard/datasets_downloaded/refgenomes_fasta/fasta/plantref/elaeis_guineensis/ncbi/NCBI_Genome_v1_0.fa.gz,elaeis_guineensis_NCBI_Genome_v1_0,Elaeis guineensis,NCBI,NCBI_Genome_v1_0,,elaeis_guineensis,elaeis_guineensis_NCBI_Genome_v1_0
/project/shefflab/brickyard/datasets_downloaded/refgenomes_fasta/fasta/plantref/emiliania_huxleyi/ensembl/ENSEMBL_protist_release_28.fa.gz,emiliania_huxleyi_ENSEMBL_protist_release_28,Emiliania huxleyi,Ensembl,ENSEMBL_protist_release_28,,emiliania_huxleyi,emiliania_huxleyi_ENSEMBL_protist_release_28
/project/shefflab/brickyard/datasets_downloaded/refgenomes_fasta/fasta/plantref/erythranthe_guttata/jgi/JGI_v2_0.fa.gz,erythranthe_guttata_JGI_v2_0,Erythranthe guttata,JGI,JGI_v2_0,,erythranthe_guttata,erythranthe_guttata_JGI_v2_0
/project/shefflab/brickyard/datasets_downloaded/refgenomes_fasta/fasta/plantref/eucalyptus_grandis/jgi/JGI_assembly_v1_0_annotation_v1_1.fa.gz,eucalyptus_grandis_JGI_assembly_v1_0_annotation_v1_1,Eucalyptus grandis,JGI,JGI_assembly_v1_0_annotation_v1_1,,eucalyptus_grandis,eucalyptus_grandis_JGI_assembly_v1_0_annotation_v1_1
/project/shefflab/brickyard/datasets_downloaded/refgenomes_fasta/fasta/plantref/eucalyptus_grandis/jgi/JGI_v2_0.fa.gz,eucalyptus_grandis_JGI_v2_0,Eucalyptus grandis,JGI,JGI_v2_0,,eucalyptus_grandis,eucalyptus_grandis_JGI_v2_0
/project/shefflab/brickyard/datasets_downloaded/refgenomes_fasta/fasta/plantref/fragaria_vesca/jgi/JGI_v1_1.fa.gz,fragaria_vesca_JGI_v1_1,Fragaria vesca,JGI,JGI_v1_1,,fragaria_vesca,fragaria_vesca_JGI_v1_1
/project/shefflab/brickyard/datasets_downloaded/refgenomes_fasta/fasta/plantref/fragaria_vesca/strawberrygenome/Strawberry_Genome_1_0.fa.gz,fragaria_vesca_Strawberry_Genome_1_0,Fragaria vesca,StrawberryGenome,Strawberry_Genome_1_0,,fragaria_vesca,fragaria_vesca_Strawberry_Genome_1_0
/project/shefflab/brickyard/datasets_downloaded/refgenomes_fasta/fasta/plantref/fragilariopsis_cylindrus/jgi/JGI_1_0.fa.gz,fragilariopsis_cylindrus_JGI_1_0,Fragilariopsis cylindrus,JGI,JGI_1_0,,fragilariopsis_cylindrus,fragilariopsis_cylindrus_JGI_1_0
/project/shefflab/brickyard/datasets_downloaded/refgenomes_fasta/fasta/plantref/galdieria_sulphuraria/ensembl/ENSEMBL_protists_release_28.fa.gz,galdieria_sulphuraria_ENSEMBL_protists_release_28,Galdieria sulphuraria,Ensembl,ENSEMBL_protists_release_28,,galdieria_sulphuraria,galdieria_sulphuraria_ENSEMBL_protists_release_28
/project/shefflab/brickyard/datasets_downloaded/refgenomes_fasta/fasta/plantref/glycine_max/jgi/JGI_Glyma1_1_annotation_of_the_chromosome-based_Glyma1_assembly.fa.gz,glycine_max_JGI_Glyma1_1_annotation_of_the_chromosome-based_Glyma1_assembly,Glycine max,JGI,JGI_Glyma1_1_annotation_of_the_chromosome-based_Glyma1_assembly,,glycine_max,glycine_max_JGI_Glyma1_1_annotation_of_the_chromosome-based_Glyma1_assembly
/project/shefflab/brickyard/datasets_downloaded/refgenomes_fasta/fasta/plantref/glycine_max/jgi/JGI_Wm82_a2_v1.fa.gz,glycine_max_JGI_Wm82_a2_v1,Glycine max,JGI,JGI_Wm82_a2_v1,,glycine_max,glycine_max_JGI_Wm82_a2_v1
/project/shefflab/brickyard/datasets_downloaded/refgenomes_fasta/fasta/plantref/gossypium_raimondii/jgi/JGI_annotation_v2_1_on_assembly_v2_0.fa.gz,gossypium_raimondii_JGI_annotation_v2_1_on_assembly_v2_0,Gossypium raimondii,JGI,JGI_annotation_v2_1_on_assembly_v2_0,,gossypium_raimondii,gossypium_raimondii_JGI_annotation_v2_1_on_assembly_v2_0
/project/shefflab/brickyard/datasets_downloaded/refgenomes_fasta/fasta/plantref/gossypium_raimondii/jgi/JGI_v2_1.fa.gz,gossypium_raimondii_JGI_v2_1,Gossypium raimondii,JGI,JGI_v2_1,,gossypium_raimondii,gossypium_raimondii_JGI_v2_1
/project/shefflab/brickyard/datasets_downloaded/refgenomes_fasta/fasta/plantref/helicosporidium_sp/illinoisu/Illinois_University_1_0.fa.gz,helicosporidium_sp_Illinois_University_1_0,Helicosporidium sp.,IllinoisU,Illinois_University_1_0,,helicosporidium_sp,helicosporidium_sp_Illinois_University_1_0
/project/shefflab/brickyard/datasets_downloaded/refgenomes_fasta/fasta/plantref/hevea_brasiliensis/ncbi/NCBI_Genomes_v1.fa.gz,hevea_brasiliensis_NCBI_Genomes_v1,Hevea brasiliensis,NCBI,NCBI_Genomes_v1,,hevea_brasiliensis,hevea_brasiliensis_NCBI_Genomes_v1
/project/shefflab/brickyard/datasets_downloaded/refgenomes_fasta/fasta/plantref/homo_sapiens/ensembl/ENSEMBL_release_81.fa.gz,homo_sapiens_ENSEMBL_release_81,Homo sapiens,Ensembl,ENSEMBL_release_81,,homo_sapiens,homo_sapiens_ENSEMBL_release_81
/project/shefflab/brickyard/datasets_downloaded/refgenomes_fasta/fasta/plantref/hordeum_vulgare/ensembl/Ensembl_Genomes_ASM32608v1.fa.gz,hordeum_vulgare_Ensembl_Genomes_ASM32608v1,Hordeum vulgare,Ensembl,Ensembl_Genomes_ASM32608v1,,hordeum_vulgare,hordeum_vulgare_Ensembl_Genomes_ASM32608v1
/project/shefflab/brickyard/datasets_downloaded/refgenomes_fasta/fasta/plantref/hordeum_vulgare/pgsb/IBC_PGSB_v2.fa.gz,hordeum_vulgare_IBC_PGSB_v2,Hordeum vulgare,PGSB,IBC_PGSB_v2,,hordeum_vulgare,hordeum_vulgare_IBC_PGSB_v2
/project/shefflab/brickyard/datasets_downloaded/refgenomes_fasta/fasta/plantref/hordeum_vulgare/mips/MIPS.fa.gz,hordeum_vulgare_MIPS,Hordeum vulgare,MIPS,MIPS,,hordeum_vulgare,hordeum_vulgare_MIPS
/project/shefflab/brickyard/datasets_downloaded/refgenomes_fasta/fasta/plantref/lotus_japonicus/kazusa/Kazusa_2_5.fa.gz,lotus_japonicus_Kazusa_2_5,Lotus japonicus,Kazusa,Kazusa_2_5,,lotus_japonicus,lotus_japonicus_Kazusa_2_5
/project/shefflab/brickyard/datasets_downloaded/refgenomes_fasta/fasta/plantref/malus_domestica/iasma/IASMA.fa.gz,malus_domestica_IASMA,Malus domestica,IASMA,IASMA,,malus_domestica,malus_domestica_IASMA
/project/shefflab/brickyard/datasets_downloaded/refgenomes_fasta/fasta/plantref/malus_domestica/penguingenomics/Penguin_Genomics_v2.fa.gz,malus_domestica_Penguin_Genomics_v2,Malus domestica,PenguinGenomics,Penguin_Genomics_v2,,malus_domestica,malus_domestica_Penguin_Genomics_v2
/project/shefflab/brickyard/datasets_downloaded/refgenomes_fasta/fasta/plantref/manihot_esculenta/cassava/Cassava4.fa.gz,manihot_esculenta_Cassava4,Manihot esculenta,Cassava,Cassava4,,manihot_esculenta,manihot_esculenta_Cassava4
/project/shefflab/brickyard/datasets_downloaded/refgenomes_fasta/fasta/plantref/manihot_esculenta/jgi/JGI_v6_1.fa.gz,manihot_esculenta_JGI_v6_1,Manihot esculenta,JGI,JGI_v6_1,,manihot_esculenta,manihot_esculenta_JGI_v6_1
/project/shefflab/brickyard/datasets_downloaded/refgenomes_fasta/fasta/plantref/marchantia_polymorpha/jgi/JGI_v3_1.fa.gz,marchantia_polymorpha_JGI_v3_1,Marchantia polymorpha,JGI,JGI_v3_1,,marchantia_polymorpha,marchantia_polymorpha_JGI_v3_1
/project/shefflab/brickyard/datasets_downloaded/refgenomes_fasta/fasta/plantref/medicago_truncatula/jcvi/JCVI_4_0.fa.gz,medicago_truncatula_JCVI_4_0,Medicago truncatula,JCVI,JCVI_4_0,,medicago_truncatula,medicago_truncatula_JCVI_4_0
/project/shefflab/brickyard/datasets_downloaded/refgenomes_fasta/fasta/plantref/medicago_truncatula/jgi/JGI_Mt4_0v1.fa.gz,medicago_truncatula_JGI_Mt4_0v1,Medicago truncatula,JGI,JGI_Mt4_0v1,,medicago_truncatula,medicago_truncatula_JGI_Mt4_0v1
/project/shefflab/brickyard/datasets_downloaded/refgenomes_fasta/fasta/plantref/micromonas_commoda/jgi/JGI_v3_0.fa.gz,micromonas_commoda_JGI_v3_0,Micromonas commoda,JGI,JGI_v3_0,,micromonas_commoda,micromonas_commoda_JGI_v3_0
/project/shefflab/brickyard/datasets_downloaded/refgenomes_fasta/fasta/plantref/micromonas_pusilla/ghent/strain_CCMP1545_Ghent_University.fa.gz,micromonas_pusilla_strain_CCMP1545_Ghent_University,Micromonas pusilla,Ghent,strain_CCMP1545_Ghent_University,,micromonas_pusilla,micromonas_pusilla_strain_CCMP1545_Ghent_University
/project/shefflab/brickyard/datasets_downloaded/refgenomes_fasta/fasta/plantref/micromonas_sp_rcc299/jgi/JGI_3_0.fa.gz,micromonas_sp_JGI_3_0,Micromonas sp. RCC299,JGI,JGI_3_0,,micromonas_sp_rcc299,micromonas_sp_JGI_3_0
/project/shefflab/brickyard/datasets_downloaded/refgenomes_fasta/fasta/plantref/musa_acuminata/bananagenome/Banana_Genome_v1_0.fa.gz,musa_acuminata_Banana_Genome_v1_0,Musa acuminata,BananaGenome,Banana_Genome_v1_0,,musa_acuminata,musa_acuminata_Banana_Genome_v1_0
/project/shefflab/brickyard/datasets_downloaded/refgenomes_fasta/fasta/plantref/musa_acuminata/bananagenome/Banana_Genome_v2_0.fa.gz,musa_acuminata_Banana_Genome_v2_0,Musa acuminata,BananaGenome,Banana_Genome_v2_0,,musa_acuminata,musa_acuminata_Banana_Genome_v2_0
/project/shefflab/brickyard/datasets_downloaded/refgenomes_fasta/fasta/plantref/musa_acuminata/genoscope/Genescope-Cirad.fa.gz,musa_acuminata_Genescope-Cirad,Musa acuminata,Genoscope,Genescope-Cirad,,musa_acuminata,musa_acuminata_Genescope-Cirad
/project/shefflab/brickyard/datasets_downloaded/refgenomes_fasta/fasta/plantref/mus_musculus/ensembl/ENSEMBL_release_81.fa.gz,mus_musculus_ENSEMBL_release_81,Mus musculus,Ensembl,ENSEMBL_release_81,,mus_musculus,mus_musculus_ENSEMBL_release_81
/project/shefflab/brickyard/datasets_downloaded/refgenomes_fasta/fasta/plantref/nannochloropsis_gaditana/ensembl/ENSEMBL_protist_release_28.fa.gz,nannochloropsis_gaditana_ENSEMBL_protist_release_28,Nannochloropsis gaditana,Ensembl,ENSEMBL_protist_release_28,,nannochloropsis_gaditana,nannochloropsis_gaditana_ENSEMBL_protist_release_28
/project/shefflab/brickyard/datasets_downloaded/refgenomes_fasta/fasta/plantref/nelumbo_nucifera/lotusdb/LOTUS-DB_v1_1.fa.gz,nelumbo_nucifera_LOTUS-DB_v1_1,Nelumbo nucifera,LotusDB,LOTUS-DB_v1_1,,nelumbo_nucifera,nelumbo_nucifera_LOTUS-DB_v1_1
/project/shefflab/brickyard/datasets_downloaded/refgenomes_fasta/fasta/plantref/oropetium_thomaeum/jgi/JGI_v1_0.fa.gz,oropetium_thomaeum_JGI_v1_0,Oropetium thomaeum,JGI,JGI_v1_0,,oropetium_thomaeum,oropetium_thomaeum_JGI_v1_0
/project/shefflab/brickyard/datasets_downloaded/refgenomes_fasta/fasta/plantref/oryza_brachyantha/ensembl/Ensembl_Plants_v1_4b.fa.gz,oryza_brachyantha_Ensembl_Plants_v1_4b,Oryza brachyantha,Ensembl,Ensembl_Plants_v1_4b,,oryza_brachyantha,oryza_brachyantha_Ensembl_Plants_v1_4b
/project/shefflab/brickyard/datasets_downloaded/refgenomes_fasta/fasta/plantref/oryza_sativa/msu/MSU_RGAP_7.fa.gz,oryza_sativa_MSU_RGAP_7,Oryza sativa,MSU,MSU_RGAP_7,,oryza_sativa,oryza_sativa_MSU_RGAP_7
/project/shefflab/brickyard/datasets_downloaded/refgenomes_fasta/fasta/plantref/oryza_sativa_subsp_indica/bgf/9311_BGF_2005.fa.gz,oryza_sativa_9311_BGF_2005,Oryza sativa subsp. indica,BGF,9311_BGF_2005,,oryza_sativa_subsp_indica,oryza_sativa_9311_BGF_2005
/project/shefflab/brickyard/datasets_downloaded/refgenomes_fasta/fasta/plantref/oryza_sativa_subsp_indica/mbkbase/MBKBASE_v1_0.fa.gz,oryza_sativa_MBKBASE_v1_0,Oryza sativa subsp. indica,MBKBASE,MBKBASE_v1_0,,oryza_sativa_subsp_indica,oryza_sativa_MBKBASE_v1_0
/project/shefflab/brickyard/datasets_downloaded/refgenomes_fasta/fasta/plantref/oryza_sativa_subsp_japonica/jgi/JGI_v7_0.fa.gz,oryza_sativa_JGI_v7_0,Oryza sativa subsp. japonica,JGI,JGI_v7_0,,oryza_sativa_subsp_japonica,oryza_sativa_JGI_v7_0
/project/shefflab/brickyard/datasets_downloaded/refgenomes_fasta/fasta/plantref/oryza_sativa_subsp_japonica/msu/MSU_RGAP_7.fa.gz,oryza_sativa_MSU_RGAP_7_2,Oryza sativa subsp. japonica,MSU,MSU_RGAP_7,,oryza_sativa_subsp_japonica,oryza_sativa_MSU_RGAP_7_2
/project/shefflab/brickyard/datasets_downloaded/refgenomes_fasta/fasta/plantref/ostreococcus_lucimarinus/jgi/JGI_2_0.fa.gz,ostreococcus_lucimarinus_JGI_2_0,Ostreococcus lucimarinus,JGI,JGI_2_0,,ostreococcus_lucimarinus,ostreococcus_lucimarinus_JGI_2_0
/project/shefflab/brickyard/datasets_downloaded/refgenomes_fasta/fasta/plantref/ostreococcus_lucimarinus/jgi/JGI_v2_0_assembly_and_annotation.fa.gz,ostreococcus_lucimarinus_JGI_v2_0_assembly_and_annotation,Ostreococcus lucimarinus,JGI,JGI_v2_0_assembly_and_annotation,,ostreococcus_lucimarinus,ostreococcus_lucimarinus_JGI_v2_0_assembly_and_annotation
/project/shefflab/brickyard/datasets_downloaded/refgenomes_fasta/fasta/plantref/ostreococcus_mediterraneus/ghent/Ghent_University.fa.gz,ostreococcus_mediterraneus_Ghent_University,Ostreococcus mediterraneus,Ghent,Ghent_University,,ostreococcus_mediterraneus,ostreococcus_mediterraneus_Ghent_University
/project/shefflab/brickyard/datasets_downloaded/refgenomes_fasta/fasta/plantref/ostreococcus_sp_rcc809/jgi/JGI_2_0.fa.gz,ostreococcus_sp_JGI_2_0,Ostreococcus sp. RCC809,JGI,JGI_2_0,,ostreococcus_sp_rcc809,ostreococcus_sp_JGI_2_0
/project/shefflab/brickyard/datasets_downloaded/refgenomes_fasta/fasta/plantref/ostreococcus_tauri/ghent/Ghent_University_v2_0.fa.gz,ostreococcus_tauri_Ghent_University_v2_0,Ostreococcus tauri,Ghent,Ghent_University_v2_0,,ostreococcus_tauri,ostreococcus_tauri_Ghent_University_v2_0
/project/shefflab/brickyard/datasets_downloaded/refgenomes_fasta/fasta/plantref/paramecium_tetraurelia/ensembl/ENSEMBL_protist_release_28.fa.gz,paramecium_tetraurelia_ENSEMBL_protist_release_28,Paramecium tetraurelia,Ensembl,ENSEMBL_protist_release_28,,paramecium_tetraurelia,paramecium_tetraurelia_ENSEMBL_protist_release_28
/project/shefflab/brickyard/datasets_downloaded/refgenomes_fasta/fasta/plantref/petunia_axillaris/solgenomics/Sol_Genomics_v1_6_2.fa.gz,petunia_axillaris_Sol_Genomics_v1_6_2,Petunia axillaris,SolGenomics,Sol_Genomics_v1_6_2,,petunia_axillaris,petunia_axillaris_Sol_Genomics_v1_6_2
/project/shefflab/brickyard/datasets_downloaded/refgenomes_fasta/fasta/plantref/phaeodactylum_tricornutum/plantref/ASM15095v2.fa.gz,phaeodactylum_tricornutum_ASM15095v2,Phaeodactylum tricornutum,plantref,ASM15095v2,,phaeodactylum_tricornutum,phaeodactylum_tricornutum_ASM15095v2
/project/shefflab/brickyard/datasets_downloaded/refgenomes_fasta/fasta/plantref/phalaenopsis_equestris/plantref/Genomics_v1_0.fa.gz,phalaenopsis_equestris_Genomics_v1_0,Phalaenopsis equestris,plantref,Genomics_v1_0,,phalaenopsis_equestris,phalaenopsis_equestris_Genomics_v1_0
/project/shefflab/brickyard/datasets_downloaded/refgenomes_fasta/fasta/plantref/phyllostachys_edulis/ncgr/NCGR_v1_0.fa.gz,phyllostachys_edulis_NCGR_v1_0,Phyllostachys edulis,NCGR,NCGR_v1_0,,phyllostachys_edulis,phyllostachys_edulis_NCGR_v1_0
/project/shefflab/brickyard/datasets_downloaded/refgenomes_fasta/fasta/plantref/physcomitrella_patens/jgi/JGI_assembly_release_v1_1_and_COSMOSS_annotation_v1_6.fa.gz,physcomitrella_patens_JGI_assembly_release_v1_1_and_COSMOSS_annotation_v1_6,Physcomitrella patens,JGI,JGI_assembly_release_v1_1_and_COSMOSS_annotation_v1_6,,physcomitrella_patens,physcomitrella_patens_JGI_assembly_release_v1_1_and_COSMOSS_annotation_v1_6
/project/shefflab/brickyard/datasets_downloaded/refgenomes_fasta/fasta/plantref/physcomitrella_patens/jgi/JGI_v3_3.fa.gz,physcomitrella_patens_JGI_v3_3,Physcomitrella patens,JGI,JGI_v3_3,,physcomitrella_patens,physcomitrella_patens_JGI_v3_3
/project/shefflab/brickyard/datasets_downloaded/refgenomes_fasta/fasta/plantref/physcomitrella_patens/phytozome/Phytozome_9_1_v1_6.fa.gz,physcomitrella_patens_Phytozome_9_1_v1_6,Physcomitrella patens,Phytozome,Phytozome_9_1_v1_6,,physcomitrella_patens,physcomitrella_patens_Phytozome_9_1_v1_6
/project/shefflab/brickyard/datasets_downloaded/refgenomes_fasta/fasta/plantref/phytophtora_sojae/ensembl/ENSEMBL_protist_release_28.fa.gz,phytophtora_sojae_ENSEMBL_protist_release_28,Phytophtora sojae,Ensembl,ENSEMBL_protist_release_28,,phytophtora_sojae,phytophtora_sojae_ENSEMBL_protist_release_28
/project/shefflab/brickyard/datasets_downloaded/refgenomes_fasta/fasta/plantref/picea_abies/congenie/ConGenIE_v1_0.fa.gz,picea_abies_ConGenIE_v1_0,Picea abies,ConGenIE,ConGenIE_v1_0,,picea_abies,picea_abies_ConGenIE_v1_0
/project/shefflab/brickyard/datasets_downloaded/refgenomes_fasta/fasta/plantref/picochlorum_rcc4223/orcae/ORCAE.fa.gz,picochlorum_rcc4223_ORCAE,Picochlorum RCC4223,ORCAE,ORCAE,,picochlorum_rcc4223,picochlorum_rcc4223_ORCAE
/project/shefflab/brickyard/datasets_downloaded/refgenomes_fasta/fasta/plantref/picochlorum_sp_senew3/rutgers/SE3_Rutgers_University_1_0.fa.gz,picochlorum_sp_SE3_Rutgers_University_1_0,Picochlorum sp. SENEW3,Rutgers,SE3_Rutgers_University_1_0,,picochlorum_sp_senew3,picochlorum_sp_SE3_Rutgers_University_1_0
/project/shefflab/brickyard/datasets_downloaded/refgenomes_fasta/fasta/plantref/populus_trichocarpa/jgi/JGI_assembly_release_v3_0_annotation_v3_0.fa.gz,populus_trichocarpa_JGI_assembly_release_v3_0_annotation_v3_0,Populus trichocarpa,JGI,JGI_assembly_release_v3_0_annotation_v3_0,,populus_trichocarpa,populus_trichocarpa_JGI_assembly_release_v3_0_annotation_v3_0
/project/shefflab/brickyard/datasets_downloaded/refgenomes_fasta/fasta/plantref/populus_trichocarpa/jgi/JGI_v3_1.fa.gz,populus_trichocarpa_JGI_v3_1,Populus trichocarpa,JGI,JGI_v3_1,,populus_trichocarpa,populus_trichocarpa_JGI_v3_1
/project/shefflab/brickyard/datasets_downloaded/refgenomes_fasta/fasta/plantref/prunus_persica/jgi/JGI_release_v1_0.fa.gz,prunus_persica_JGI_release_v1_0,Prunus persica,JGI,JGI_release_v1_0,,prunus_persica,prunus_persica_JGI_release_v1_0
/project/shefflab/brickyard/datasets_downloaded/refgenomes_fasta/fasta/plantref/prunus_persica/jgi/JGI_v2_1.fa.gz,prunus_persica_JGI_v2_1,Prunus persica,JGI,JGI_v2_1,,prunus_persica,prunus_persica_JGI_v2_1
/project/shefflab/brickyard/datasets_downloaded/refgenomes_fasta/fasta/plantref/pyrus_bretschneideri/peargenome/Pear_Genome_Project_v1_0.fa.gz,pyrus_bretschneideri_Pear_Genome_Project_v1_0,Pyrus bretschneideri,PearGenome,Pear_Genome_Project_v1_0,,pyrus_bretschneideri,pyrus_bretschneideri_Pear_Genome_Project_v1_0
/project/shefflab/brickyard/datasets_downloaded/refgenomes_fasta/fasta/plantref/ricinus_communis/jcvi/JCVI_1_0.fa.gz,ricinus_communis_JCVI_1_0,Ricinus communis,JCVI,JCVI_1_0,,ricinus_communis,ricinus_communis_JCVI_1_0
/project/shefflab/brickyard/datasets_downloaded/refgenomes_fasta/fasta/plantref/ricinus_communis/jgi/JGI_v0_1.fa.gz,ricinus_communis_JGI_v0_1,Ricinus communis,JGI,JGI_v0_1,,ricinus_communis,ricinus_communis_JGI_v0_1
/project/shefflab/brickyard/datasets_downloaded/refgenomes_fasta/fasta/plantref/saccharomyces_cerevisiae_strain_s288c/ensembl/ENSEMBL_release_81.fa.gz,saccharomyces_cerevisiae_ENSEMBL_release_81,Saccharomyces cerevisiae strain S288C,Ensembl,ENSEMBL_release_81,,saccharomyces_cerevisiae_strain_s288c,saccharomyces_cerevisiae_ENSEMBL_release_81
/project/shefflab/brickyard/datasets_downloaded/refgenomes_fasta/fasta/plantref/saccharum_spontaneum/plantref/v20190103.fa.gz,saccharum_spontaneum_v20190103,Saccharum spontaneum,plantref,v20190103,,saccharum_spontaneum,saccharum_spontaneum_v20190103
/project/shefflab/brickyard/datasets_downloaded/refgenomes_fasta/fasta/plantref/schizosaccharomyces_pombe/ensembl/ENSEMBL_fungi_release_28.fa.gz,schizosaccharomyces_pombe_ENSEMBL_fungi_release_28,Schizosaccharomyces pombe,Ensembl,ENSEMBL_fungi_release_28,,schizosaccharomyces_pombe,schizosaccharomyces_pombe_ENSEMBL_fungi_release_28
/project/shefflab/brickyard/datasets_downloaded/refgenomes_fasta/fasta/plantref/schrenkiella_parvula/thellungiella/Thellungiella_v2_0_TpV84.fa.gz,schrenkiella_parvula_Thellungiella_v2_0_TpV84,Schrenkiella parvula,Thellungiella,Thellungiella_v2_0_TpV84,,schrenkiella_parvula,schrenkiella_parvula_Thellungiella_v2_0_TpV84
/project/shefflab/brickyard/datasets_downloaded/refgenomes_fasta/fasta/plantref/selaginella_moellendorffii/jgi/JGI_v1_0.fa.gz,selaginella_moellendorffii_JGI_v1_0,Selaginella moellendorffii,JGI,JGI_v1_0,,selaginella_moellendorffii,selaginella_moellendorffii_JGI_v1_0
/project/shefflab/brickyard/datasets_downloaded/refgenomes_fasta/fasta/plantref/selaginella_moellendorffii/plantref/NCBIr100.fa.gz,selaginella_moellendorffii_NCBIr100,Selaginella moellendorffii,plantref,NCBIr100,,selaginella_moellendorffii,selaginella_moellendorffii_NCBIr100
/project/shefflab/brickyard/datasets_downloaded/refgenomes_fasta/fasta/plantref/setaria_italica/jgi/JGI_8_3X_chromosome-scale_assembly_release_2_0_annotation_version_2_1.fa.gz,setaria_italica_JGI_8_3X_chromosome-scale_assembly_release_2_0_annotation_version_2_1,Setaria italica,JGI,JGI_8_3X_chromosome-scale_assembly_release_2_0_annotation_version_2_1,,setaria_italica,setaria_italica_JGI_8_3X_chromosome-scale_assembly_release_2_0_annotation_version_2_1
/project/shefflab/brickyard/datasets_downloaded/refgenomes_fasta/fasta/plantref/setaria_italica/jgi/JGI_v2_2.fa.gz,setaria_italica_JGI_v2_2,Setaria italica,JGI,JGI_v2_2,,setaria_italica,setaria_italica_JGI_v2_2
/project/shefflab/brickyard/datasets_downloaded/refgenomes_fasta/fasta/plantref/solanum_lycopersicum/plantref/ITAG_2_3.fa.gz,solanum_lycopersicum_ITAG_2_3,Solanum lycopersicum,plantref,ITAG_2_3,,solanum_lycopersicum,solanum_lycopersicum_ITAG_2_3
/project/shefflab/brickyard/datasets_downloaded/refgenomes_fasta/fasta/plantref/solanum_lycopersicum/solgenomics/Sol_Genomics_itag2_4.fa.gz,solanum_lycopersicum_Sol_Genomics_itag2_4,Solanum lycopersicum,SolGenomics,Sol_Genomics_itag2_4,,solanum_lycopersicum,solanum_lycopersicum_Sol_Genomics_itag2_4
/project/shefflab/brickyard/datasets_downloaded/refgenomes_fasta/fasta/plantref/solanum_tuberosum/plantref/ITAG_001.fa.gz,solanum_tuberosum_ITAG_001,Solanum tuberosum,plantref,ITAG_001,,solanum_tuberosum,solanum_tuberosum_ITAG_001
/project/shefflab/brickyard/datasets_downloaded/refgenomes_fasta/fasta/plantref/solanum_tuberosum/jgi/JGI_v4_03.fa.gz,solanum_tuberosum_JGI_v4_03,Solanum tuberosum,JGI,JGI_v4_03,,solanum_tuberosum,solanum_tuberosum_JGI_v4_03
/project/shefflab/brickyard/datasets_downloaded/refgenomes_fasta/fasta/plantref/sorghum_bicolor/jgi/JGI_1_4.fa.gz,sorghum_bicolor_JGI_1_4,Sorghum bicolor,JGI,JGI_1_4,,sorghum_bicolor,sorghum_bicolor_JGI_1_4
/project/shefflab/brickyard/datasets_downloaded/refgenomes_fasta/fasta/plantref/sorghum_bicolor/jgi/JGI_v3_1.fa.gz,sorghum_bicolor_JGI_v3_1,Sorghum bicolor,JGI,JGI_v3_1,,sorghum_bicolor,sorghum_bicolor_JGI_v3_1
/project/shefflab/brickyard/datasets_downloaded/refgenomes_fasta/fasta/plantref/spirodela_polyrhiza/jgi/JGI_v2_0.fa.gz,spirodela_polyrhiza_JGI_v2_0,Spirodela polyrhiza,JGI,JGI_v2_0,,spirodela_polyrhiza,spirodela_polyrhiza_JGI_v2_0
/project/shefflab/brickyard/datasets_downloaded/refgenomes_fasta/fasta/plantref/tarenaya_hassleriana/refseq/RefSeq_v1.fa.gz,tarenaya_hassleriana_RefSeq_v1,Tarenaya hassleriana,RefSeq,RefSeq_v1,,tarenaya_hassleriana,tarenaya_hassleriana_RefSeq_v1
/project/shefflab/brickyard/datasets_downloaded/refgenomes_fasta/fasta/plantref/thalassiosira_pseudonana/jgi/JGI_3_0.fa.gz,thalassiosira_pseudonana_JGI_3_0,Thalassiosira pseudonana,JGI,JGI_3_0,,thalassiosira_pseudonana,thalassiosira_pseudonana_JGI_3_0
/project/shefflab/brickyard/datasets_downloaded/refgenomes_fasta/fasta/plantref/thellungiella_parvula/thellungiella/TpV84.fa.gz,thellungiella_parvula_TpV84,Thellungiella parvula,Thellungiella,TpV84,,thellungiella_parvula,thellungiella_parvula_TpV84
/project/shefflab/brickyard/datasets_downloaded/refgenomes_fasta/fasta/plantref/theobroma_cacao/plantref/D_Gilbert_public_gene_set_8_Mar_2012_on_assembly_v1_1.fa.gz,theobroma_cacao_D_Gilbert_public_gene_set_8_Mar_2012_on_assembly_v1_1,Theobroma cacao,plantref,D_Gilbert_public_gene_set_8_Mar_2012_on_assembly_v1_1,,theobroma_cacao,theobroma_cacao_D_Gilbert_public_gene_set_8_Mar_2012_on_assembly_v1_1
/project/shefflab/brickyard/datasets_downloaded/refgenomes_fasta/fasta/plantref/theobroma_cacao/refseq/RefSeq_v1_1.fa.gz,theobroma_cacao_RefSeq_v1_1,Theobroma cacao,RefSeq,RefSeq_v1_1,,theobroma_cacao,theobroma_cacao_RefSeq_v1_1
/project/shefflab/brickyard/datasets_downloaded/refgenomes_fasta/fasta/plantref/trifolium_pratense/jgi/JGI_v2.fa.gz,trifolium_pratense_JGI_v2,Trifolium pratense,JGI,JGI_v2,,trifolium_pratense,trifolium_pratense_JGI_v2
/project/shefflab/brickyard/datasets_downloaded/refgenomes_fasta/fasta/plantref/triticum_aestivum/ensembl/Ensembl_Plants_TGACv1.fa.gz,triticum_aestivum_Ensembl_Plants_TGACv1,Triticum aestivum,Ensembl,Ensembl_Plants_TGACv1,,triticum_aestivum,triticum_aestivum_Ensembl_Plants_TGACv1
/project/shefflab/brickyard/datasets_downloaded/refgenomes_fasta/fasta/plantref/triticum_aestivum/plantref/IWGSC1_1.fa.gz,triticum_aestivum_IWGSC1_1,Triticum aestivum,plantref,IWGSC1_1,,triticum_aestivum,triticum_aestivum_IWGSC1_1
/project/shefflab/brickyard/datasets_downloaded/refgenomes_fasta/fasta/plantref/triticum_turgidum/plantref/Svevo_v1_0.fa.gz,triticum_turgidum_Svevo_v1_0,Triticum turgidum,plantref,Svevo_v1_0,,triticum_turgidum,triticum_turgidum_Svevo_v1_0
/project/shefflab/brickyard/datasets_downloaded/refgenomes_fasta/fasta/plantref/utricularia_gibba/coge/CoGe_v4.fa.gz,utricularia_gibba_CoGe_v4,Utricularia gibba,CoGe,CoGe_v4,,utricularia_gibba,utricularia_gibba_CoGe_v4
/project/shefflab/brickyard/datasets_downloaded/refgenomes_fasta/fasta/plantref/vigna_radiata/lis/var_radiata_LIS_v6.fa.gz,vigna_radiata_var_radiata_LIS_v6,Vigna radiata,LIS,var_radiata_LIS_v6,,vigna_radiata,vigna_radiata_var_radiata_LIS_v6
/project/shefflab/brickyard/datasets_downloaded/refgenomes_fasta/fasta/plantref/vitis_vinifera/genoscope/genescope_v1.fa.gz,vitis_vinifera_genescope_v1,Vitis vinifera,Genoscope,genescope_v1,,vitis_vinifera,vitis_vinifera_genescope_v1
/project/shefflab/brickyard/datasets_downloaded/refgenomes_fasta/fasta/plantref/vitis_vinifera/jgi/JGI_12xMarch2010.fa.gz,vitis_vinifera_JGI_12xMarch2010,Vitis vinifera,JGI,JGI_12xMarch2010,,vitis_vinifera,vitis_vinifera_JGI_12xMarch2010
/project/shefflab/brickyard/datasets_downloaded/refgenomes_fasta/fasta/plantref/volvox_carteri/jgi/JGI_2_0_Phtyozome_10_2.fa.gz,volvox_carteri_JGI_2_0_Phtyozome_10_2,Volvox carteri,JGI,JGI_2_0_Phtyozome_10_2,,volvox_carteri,volvox_carteri_JGI_2_0_Phtyozome_10_2
/project/shefflab/brickyard/datasets_downloaded/refgenomes_fasta/fasta/plantref/zea_mays/plantref/B73_5b_60.fa.gz,zea_mays_B73_5b_60,Zea mays,plantref,B73_5b_60,,zea_mays,zea_mays_B73_5b_60
/project/shefflab/brickyard/datasets_downloaded/refgenomes_fasta/fasta/plantref/zea_mays/plantref/B73_AGP_v4_0.fa.gz,zea_mays_B73_AGP_v4_0,Zea mays,plantref,B73_AGP_v4_0,,zea_mays,zea_mays_B73_AGP_v4_0
/project/shefflab/brickyard/datasets_downloaded/refgenomes_fasta/fasta/plantref/zea_mays/plantref/PH207_v1_0.fa.gz,zea_mays_PH207_v1_0,Zea mays,plantref,PH207_v1_0,,zea_mays,zea_mays_PH207_v1_0
/project/shefflab/brickyard/datasets_downloaded/refgenomes_fasta/fasta/plantref/ziziphus_jujuba/refseq/RefSeq_v1_1.fa.gz,ziziphus_jujuba_RefSeq_v1_1,Ziziphus jujuba,RefSeq,RefSeq_v1_1,,ziziphus_jujuba,ziziphus_jujuba_RefSeq_v1_1
/project/shefflab/brickyard/datasets_downloaded/refgenomes_fasta/fasta/plantref/zostera_marina/jgi/JGI_v2_2.fa.gz,zostera_marina_JGI_v2_2,Zostera marina,JGI,JGI_v2_2,,zostera_marina,zostera_marina_JGI_v2_2
/project/shefflab/brickyard/datasets_downloaded/refgenomes_fasta/fasta/plantref/zoysia_japonica_subsp_nagirizaki/zoysiagdb/Zoysia_Genome_Database_v1_1.fa.gz,zoysia_japonica_Zoysia_Genome_Database_v1_1,Zoysia japonica subsp. nagirizaki,ZoysiaGDB,Zoysia_Genome_Database_v1_1,,zoysia_japonica_subsp_nagirizaki,zoysia_japonica_Zoysia_Genome_Database_v1_1
